dataset,experiment_track,clients,partition,alpha,run_type,algorithm,model,calibration,threshold_strategy,group_feature,group_value,count_mean,count_std,count_ci95_low,count_ci95_high,count_n,selection_rate_mean,selection_rate_std,selection_rate_ci95_low,selection_rate_ci95_high,selection_rate_n,true_positive_rate_mean,true_positive_rate_std,true_positive_rate_ci95_low,true_positive_rate_ci95_high,true_positive_rate_n,false_positive_rate_mean,false_positive_rate_std,false_positive_rate_ci95_low,false_positive_rate_ci95_high,false_positive_rate_n,demographic_parity_difference_mean,demographic_parity_difference_std,demographic_parity_difference_ci95_low,demographic_parity_difference_ci95_high,demographic_parity_difference_n,equalized_odds_difference_mean,equalized_odds_difference_std,equalized_odds_difference_ci95_low,equalized_odds_difference_ci95_high,equalized_odds_difference_n
cdc,audit,3,iid,0.5,federated,fedavg,logistic,federated_isotonic,calib_f1_optimal,age_group,40_59,18603.8,190.1964773595978,18437.085437036832,18770.51456296317,5,0.1481931779045644,0.0205120446403363,0.1302135780446298,0.1661727777644989,5,0.5089916377089063,0.0407520623297534,0.4732708801245925,0.54471239529322,5,0.1040297785256493,0.0176953865152569,0.0885190883682402,0.1195404686830584,5,0.3151881521743752,0.0311849086306975,0.2878533745507942,0.3425229297979562,5,0.3847633381003162,0.0528683183136551,0.3384222138869877,0.4311044623136448,5
cdc,audit,3,iid,0.5,federated,fedavg,logistic,federated_isotonic,calib_f1_optimal,bmi_category,healthy,17133.0,74.89659538323488,17067.3502396044,17198.6497603956,5,0.0919933544770458,0.0173962980891281,0.0767448268840628,0.1072418820700287,5,0.3796294639409121,0.0488578953981013,0.3368036304046024,0.4224552974772218,5,0.0730280442685895,0.0151016966010646,0.0597908235597707,0.0862652649774082,5,0.339137388233934,0.0180158955860357,0.3233457594892156,0.3549290169786524,5,0.4053972676775209,0.0442859427420893,0.3665789273372826,0.4442156080177592,5
cdc,audit,3,iid,0.5,federated,fedavg,logistic,federated_isotonic,calib_f1_optimal,sex,female,28467.6,45.72526653831555,28427.52003672656,28507.67996327344,5,0.2068696888486422,0.0234959611891131,0.1862745708137451,0.2274648068835393,5,0.5954758001020181,0.0406011575851189,0.5598873163584193,0.6310642838456169,5,0.1490026220900741,0.0208851297354354,0.1306959987255985,0.1673092454545497,5,0.0435170320083557,0.0080971276859469,0.0364195866604727,0.0506144773562387,5,0.0381892731227983,0.0080526210396048,0.0311308395704905,0.045247706675106,5
cdc,audit,3,iid,0.5,federated,fedavg,logistic,federated_sigmoid,calib_f1_optimal,age_group,40_59,18603.8,190.1964773595978,18437.085437036832,18770.51456296317,5,0.1508148885305267,0.0188998481038613,0.1342484412416622,0.1673813358193912,5,0.5170494549910852,0.041458117787359,0.4807098125111278,0.5533890974710427,5,0.1060144741587206,0.0162895982408093,0.0917360117536172,0.120292936563824,5,0.3200172796928204,0.0324004876101602,0.2916170001150409,0.3484175592705999,5,0.3901842521159896,0.0510951653659785,0.3453973649886606,0.4349711392433186,5
cdc,audit,3,iid,0.5,federated,fedavg,logistic,federated_sigmoid,calib_f1_optimal,bmi_category,healthy,17133.0,74.89659538323488,17067.3502396044,17198.6497603956,5,0.0938444789085717,0.0162516273042964,0.0795992994967914,0.1080896583203519,5,0.3891565801892069,0.0435060516067378,0.3510218445696973,0.4272913158087166,5,0.0743548310964739,0.014033106766013,0.0620542706760614,0.0866553915168863,5,0.343267218539555,0.0209002727906578,0.3249473217019406,0.3615871153771694,5,0.3937536644540448,0.0431172420420645,0.3559597354443644,0.4315475934637252,5
cdc,audit,3,iid,0.5,federated,fedavg,logistic,federated_sigmoid,calib_f1_optimal,sex,female,28467.6,45.72526653831555,28427.52003672656,28507.67996327344,5,0.21018570072307,0.0234519936642467,0.1896291219229391,0.2307422795232008,5,0.601983152516888,0.0401216449873954,0.5668149800970036,0.6371513249367725,5,0.1518464921810973,0.0209120639669898,0.133516259921732,0.1701767244404625,5,0.0444900420122409,0.0082301414176699,0.0372760049878971,0.0517040790365847,5,0.03874685795914,0.0081800255608111,0.0315767494201694,0.0459169664981106,5
cdc,audit,3,iid,0.5,federated,fedavg,logistic,global_isotonic,calib_f1_optimal,age_group,40_59,18603.8,190.1964773595978,18437.085437036832,18770.51456296317,5,0.1477918666833564,0.0111084911861629,0.1380548448468271,0.1575288885198857,5,0.5114357615972607,0.0317029163471948,0.4836469301906324,0.5392245930038889,5,0.1033189520960466,0.0090639377442404,0.095374060367587,0.1112638438245061,5,0.315189904509926,0.0213387568578834,0.2964856594412156,0.3338941495786364,5,0.3807617828036431,0.0399463704467801,0.3457472452924746,0.4157763203148116,5
cdc,audit,3,iid,0.5,federated,fedavg,logistic,global_isotonic,calib_f1_optimal,bmi_category,healthy,17133.0,74.89659538323488,17067.3502396044,17198.6497603956,5,0.0911654928773291,0.0095553536929032,0.0827898560780261,0.0995411296766322,5,0.3783619738740649,0.0297768862769633,0.3522613822596252,0.4044625654885045,5,0.0722350310712129,0.008080442149607,0.0651522112407808,0.079317850901645,5,0.3404168429122697,0.0160241955921007,0.3263710161858233,0.3544626696387161,5,0.3998665279147326,0.0598667730298869,0.3473909876720883,0.4523420681573769,5
cdc,audit,3,iid,0.5,federated,fedavg,logistic,global_isotonic,calib_f1_optimal,sex,female,28467.6,45.72526653831555,28427.52003672656,28507.67996327344,5,0.2061118190895633,0.0136342700069395,0.1941608545023948,0.2180627836767319,5,0.5959596706727086,0.0256425301788546,0.5734830019594651,0.6184363393859521,5,0.1480591267959305,0.0117341273347958,0.1377737106960516,0.1583445428958094,5,0.0441649462265056,0.0091878049479137,0.0361114801069084,0.0522184123461029,5,0.0385253819615528,0.0093768377305075,0.0303062213024281,0.0467445426206774,5
cdc,audit,3,iid,0.5,federated,fedavg,logistic,global_sigmoid,calib_f1_optimal,age_group,40_59,18603.8,190.1964773595978,18437.085437036832,18770.51456296317,5,0.1510223978630317,0.0185525177762581,0.134760399029649,0.1672843966964144,5,0.5181620048563833,0.0421961229193496,0.481175472356419,0.5551485373563476,5,0.1061184148430265,0.0159688222036032,0.0921211250316234,0.1201157046544295,5,0.320232744666361,0.032498577031764,0.2917464859196662,0.3487190034130558,5,0.388500498936758,0.0494235476121328,0.3451788493739868,0.4318221484995292,5
cdc,audit,3,iid,0.5,federated,fedavg,logistic,global_sigmoid,calib_f1_optimal,bmi_category,healthy,17133.0,74.89659538323488,17067.3502396044,17198.6497603956,5,0.0936568863613332,0.0156037426119706,0.0799796029212928,0.1073341698013735,5,0.3876732035575655,0.0414387164704526,0.3513505670816828,0.4239958400334482,5,0.07425422680897,0.0134639765359696,0.062452531030469,0.086055922587471,5,0.3438480845114172,0.0214979960299021,0.3250042601542875,0.3626919088685468,5,0.3976920826438977,0.0467525627056077,0.3567116545777301,0.4386725107100654,5
cdc,audit,3,iid,0.5,federated,fedavg,logistic,global_sigmoid,calib_f1_optimal,sex,female,28467.6,45.72526653831555,28427.52003672656,28507.67996327344,5,0.2101873000230592,0.0233305723736335,0.1897371516767413,0.230637448369377,5,0.6017192657380759,0.0396533657998493,0.5669615581237455,0.6364769733524063,5,0.1518883047434583,0.0208895862458302,0.13357777507539,0.1701988344115266,5,0.0445416890802019,0.0081408016666362,0.0374059618003685,0.0516774163600353,5,0.0386513525573379,0.0080472326135289,0.0315976421687332,0.0457050629459427,5
cdc,audit,3,iid,0.5,federated,fedavg,logistic,none,calib_f1_optimal,age_group,40_59,18603.8,190.1964773595978,18437.085437036832,18770.51456296317,5,0.1520242146235324,0.0195307112307798,0.134904791422843,0.1691436378242218,5,0.5199227233338252,0.0437282461137027,0.4815932256417697,0.5582522210258807,5,0.1070261554195889,0.0168325456539566,0.0922717786234756,0.1217805322157022,5,0.3218699565651868,0.0340808776973521,0.2919967501336455,0.3517431629967281,5,0.3898722202247007,0.0512338625038472,0.3449637596957766,0.4347806807536248,5
cdc,audit,3,iid,0.5,federated,fedavg,logistic,none,calib_f1_optimal,bmi_category,healthy,17133.0,74.89659538323488,17067.3502396044,17198.6497603956,5,0.0946471871906125,0.016652275828198,0.0800508238636969,0.1092435505175281,5,0.3906287785813392,0.0447663163139556,0.3513893722402763,0.4298681849224022,5,0.0751121717135202,0.0143585639490813,0.0625263354941461,0.0876980079328944,5,0.3445604064258992,0.0222433623783401,0.3250632396580563,0.3640575731937421,5,0.3904800963557923,0.045145715771136,0.3509081317277916,0.4300520609837929,5
cdc,audit,3,iid,0.5,federated,fedavg,logistic,none,calib_f1_optimal,sex,female,28467.6,45.72526653831555,28427.52003672656,28507.67996327344,5,0.2115665746561812,0.0245792492390894,0.1900219127794517,0.2331112365329107,5,0.6037741972930075,0.0415044427857515,0.5673939491616287,0.6401544454243864,5,0.1531665571090094,0.0220245425744169,0.1338611943560734,0.1724719198619453,5,0.0447665963629563,0.008386049926494,0.0374158995052039,0.0521172932207086,5,0.0388827040055412,0.008232043650357,0.0316669996007312,0.0460984084103512,5
cdc,audit,3,iid,0.5,federated,fedavg,mlp,federated_isotonic,calib_f1_optimal,age_group,40_59,18603.8,190.1964773595978,18437.085437036832,18770.51456296317,5,0.1558959164080621,0.010149694545222,0.1469993168821038,0.1647925159340204,5,0.5317942129985248,0.025590417989919,0.5093632226328726,0.554225203364177,5,0.1099205804452359,0.0089541736712902,0.1020719011687891,0.1177692597216827,5,0.3219203121582809,0.0187184935467075,0.3055128291476038,0.338327795168958,5,0.4305679543104008,0.0512253897651171,0.3856669204644211,0.4754689881563806,5
cdc,audit,3,iid,0.5,federated,fedavg,mlp,federated_isotonic,calib_f1_optimal,bmi_category,healthy,17133.0,74.89659538323488,17067.3502396044,17198.6497603956,5,0.0574289969776237,0.0082711627477748,0.0501790031720842,0.0646789907831632,5,0.267250006225188,0.0289571571804625,0.2418679388440491,0.2926320736063269,5,0.0435989283813552,0.006818106893668,0.0376225941884513,0.049575262574259,5,0.4438858655807191,0.0142717592813305,0.4313761170073842,0.456395614154054,5,0.6352413820105999,0.0641406414022813,0.579019630966592,0.6914631330546077,5
cdc,audit,3,iid,0.5,federated,fedavg,mlp,federated_isotonic,calib_f1_optimal,sex,female,28467.6,45.72526653831555,28427.52003672656,28507.67996327344,5,0.2054274143631843,0.0144161381836725,0.1927911121021092,0.2180637166242595,5,0.604264183467375,0.0233302860740714,0.5838142860736879,0.6247140808610621,5,0.1460369917900116,0.0131458980182509,0.1345141041251287,0.1575598794548944,5,0.0474030938779593,0.0063614203404858,0.041827063098567,0.0529791246573516,5,0.0409558453680739,0.0066668758083151,0.0351120710661368,0.0467996196700109,5
cdc,audit,3,iid,0.5,federated,fedavg,mlp,federated_sigmoid,calib_f1_optimal,age_group,40_59,18603.8,190.1964773595978,18437.085437036832,18770.51456296317,5,0.1457613106641859,0.0130421187517129,0.1343293895371996,0.1571932317911722,5,0.5096173980526192,0.0299872986572931,0.4833323718549753,0.535902424250263,5,0.1012669276686623,0.0117602295901561,0.0909586319331815,0.111575223404143,5,0.3026128508672564,0.0279277034878859,0.278133139433143,0.3270925623013698,5,0.4196573329418337,0.0491732282770741,0.3765550979503779,0.4627595679332895,5
cdc,audit,3,iid,0.5,federated,fedavg,mlp,federated_sigmoid,calib_f1_optimal,bmi_category,healthy,17133.0,74.89659538323488,17067.3502396044,17198.6497603956,5,0.0490189415860266,0.0117058694879531,0.0387582945809915,0.0592795885910617,5,0.235156867765351,0.0428291268633144,0.1976154828446843,0.2726982526860178,5,0.0367437238625447,0.009521452362317,0.0283978028896914,0.0450896448353981,5,0.4285878884712739,0.0184260203624639,0.4124367695098501,0.4447390074326976,5,0.6511408976007148,0.0431043760767517,0.6133582461068644,0.6889235490945652,5
cdc,audit,3,iid,0.5,federated,fedavg,mlp,federated_sigmoid,calib_f1_optimal,sex,female,28467.6,45.72526653831555,28427.52003672656,28507.67996327344,5,0.192027864793894,0.0208957808005255,0.1737119053592333,0.2103438242285548,5,0.5787425235912871,0.036698884634052,0.5465745329011433,0.6109105142814308,5,0.134453614442013,0.0188345034900622,0.1179444442325284,0.1509627846514976,5,0.0444354073320416,0.0055832609711929,0.0395414633134997,0.0493293513505836,5,0.0378826131103744,0.0060044117090108,0.0326195141938467,0.043145712026902,5
cdc,audit,3,iid,0.5,federated,fedavg,mlp,global_isotonic,calib_f1_optimal,age_group,40_59,18603.8,190.1964773595978,18437.085437036832,18770.51456296317,5,0.1445783145044446,0.0084324464595726,0.1371869492923537,0.1519696797165355,5,0.5072368671652839,0.0199802349880676,0.4897234190185062,0.5247503153120616,5,0.1002189867033882,0.0075751425270796,0.0935790815205067,0.1068588918862696,5,0.3004793141799325,0.0160114788485173,0.2864446341707032,0.3145139941891617,5,0.4161353492405351,0.0509731570426672,0.3714554071238661,0.4608152913572041,5
cdc,audit,3,iid,0.5,federated,fedavg,mlp,global_isotonic,calib_f1_optimal,bmi_category,healthy,17133.0,74.89659538323488,17067.3502396044,17198.6497603956,5,0.0479462437327516,0.006294612758646,0.0424287723807665,0.0534637150847366,5,0.231722181033266,0.0223989578120649,0.2120886288544386,0.2513557332120935,5,0.0358320545318566,0.0051173961761732,0.03134645901051,0.0403176500532032,5,0.4287644682616257,0.0132313472724638,0.4171666810230526,0.4403622555001988,5,0.6598057526233025,0.0416041748368233,0.6233380854947966,0.6962734197518085,5
cdc,audit,3,iid,0.5,federated,fedavg,mlp,global_isotonic,calib_f1_optimal,sex,female,28467.6,45.72526653831555,28427.52003672656,28507.67996327344,5,0.1902037921845703,0.0127820022276249,0.1789998732437173,0.2014077111254233,5,0.5745558625548829,0.0192059176105523,0.5577211335146803,0.5913905915950854,5,0.1329788457147181,0.0121392262911476,0.1223383447236647,0.1436193467057715,5,0.0444761141206705,0.0046410705616776,0.040408036409071,0.0485441918322699,5,0.0376359626628699,0.0047732250963304,0.0334520463942472,0.0418198789314926,5
cdc,audit,3,iid,0.5,federated,fedavg,mlp,global_sigmoid,calib_f1_optimal,age_group,40_59,18603.8,190.1964773595978,18437.085437036832,18770.51456296317,5,0.1455255269234614,0.0132787636593442,0.133886177389278,0.1571648764576448,5,0.5089420052825802,0.030998100662511,0.4817709720627158,0.5361130385024445,5,0.1010861828151934,0.0118987587033899,0.0906564609582036,0.1115159046721831,5,0.3022227580425819,0.0281379521096171,0.2775587555660048,0.326886760519159,5,0.4189498839197779,0.0484597111462766,0.376473074268891,0.4614266935706648,5
cdc,audit,3,iid,0.5,federated,fedavg,mlp,global_sigmoid,calib_f1_optimal,bmi_category,healthy,17133.0,74.89659538323488,17067.3502396044,17198.6497603956,5,0.0489029482666012,0.0118151964199953,0.0385464719804535,0.0592594245527489,5,0.2346059035780232,0.0430542475457135,0.1968671916789542,0.2723446154770922,5,0.0366570743900316,0.0096289407498129,0.028216935691415,0.0450972130886482,5,0.4283912402029385,0.0188145579925732,0.4118995529928402,0.4448829274130368,5,0.6554882812086087,0.0410514207673665,0.6195051243843677,0.6914714380328497,5
cdc,audit,3,iid,0.5,federated,fedavg,mlp,global_sigmoid,calib_f1_optimal,sex,female,28467.6,45.72526653831555,28427.52003672656,28507.67996327344,5,0.1917321089076689,0.0211830965052416,0.1731643061538828,0.210299911661455,5,0.5779319328105471,0.0373523066508563,0.545191192469756,0.6106726731513382,5,0.1342349898599611,0.0190615649222178,0.117526791529908,0.1509431881900141,5,0.0443283055839074,0.0054403001396549,0.0395596722592415,0.0490969389085733,5,0.037721799625077,0.0057982808010265,0.0326393824157758,0.0428042168343781,5
cdc,audit,3,iid,0.5,federated,fedavg,mlp,none,calib_f1_optimal,age_group,40_59,18603.8,190.1964773595978,18437.085437036832,18770.51456296317,5,0.1465841338794934,0.0129397578556167,0.1352419360338955,0.1579263317250914,5,0.510994673015728,0.029662132926854,0.4849946671475524,0.5369946788839035,5,0.1020211738697219,0.0116585678976544,0.0918019885366567,0.1122403592027871,5,0.3042520022564533,0.0269082793725382,0.2806658554573094,0.3278381490555972,5,0.4186199142841201,0.0474771030432495,0.3770043986105686,0.4602354299576716,5
cdc,audit,3,iid,0.5,federated,fedavg,mlp,none,calib_f1_optimal,bmi_category,healthy,17133.0,74.89659538323488,17067.3502396044,17198.6497603956,5,0.0496632813079454,0.0112764330080863,0.0397790519740224,0.0595475106418684,5,0.2368470086104214,0.0411837270775107,0.2007478801920732,0.2729461370287697,5,0.0373184809915119,0.0091762360909423,0.0292751554221538,0.0453618065608701,5,0.4298165844116247,0.0176252656752349,0.4143673578804676,0.4452658109427818,5,0.6524542844305061,0.0443441697928104,0.6135849058299995,0.6913236630310128,5
cdc,audit,3,iid,0.5,federated,fedavg,mlp,none,calib_f1_optimal,sex,female,28467.6,45.72526653831555,28427.52003672656,28507.67996327344,5,0.1930968716834421,0.0202881101528653,0.1753135590562124,0.2108801843106718,5,0.5806363014552143,0.0349707151292855,0.549983118124876,0.6112894847855526,5,0.1353993804405286,0.0183840859476985,0.1192850186142936,0.1515137422667636,5,0.0446849728166928,0.0053703783476387,0.0399776286450093,0.0493923169883764,5,0.0381945325443808,0.0056804895460874,0.0332153639223336,0.043173701166428,5
cdc,audit,3,iid,0.5,local_only,not_applicable,decision_tree,isotonic,calib_f1_optimal,age_group,40_59,18603.8,176.08772164545067,18514.687317715157,18692.912682284845,15,0.1778028525594065,0.0481886186724302,0.1534160467936517,0.2021896583251613,15,0.5337441001144784,0.0981279031436008,0.4840845294504848,0.583403670778472,15,0.1342220188747104,0.0420756404381512,0.1129288069275088,0.155515230821912,15,0.3288111061412016,0.0536563510930467,0.3016572459921889,0.3559649662902143,15,0.3387809550093924,0.0708953375449606,0.3029029640223686,0.3746589459964162,15
cdc,audit,3,iid,0.5,local_only,not_applicable,decision_tree,isotonic,calib_f1_optimal,bmi_category,healthy,17133.0,69.34077341033093,17097.908727010836,17168.091272989164,15,0.1026413473136529,0.0454009588178343,0.079665292079619,0.1256174025476869,15,0.3610141233611832,0.1358529358142358,0.2922630520567723,0.4297651946655942,15,0.0856431734930669,0.0395421683508233,0.0656320753189662,0.1056542716671676,15,0.412124734680966,0.047770509659651,0.3879495212696812,0.4362999480922507,15,0.4802229521576766,0.1283873030705491,0.4152500123011984,0.5451958920141549,15
cdc,audit,3,iid,0.5,local_only,not_applicable,decision_tree,isotonic,calib_f1_optimal,sex,female,28467.6,42.33337082862981,28446.17635847947,28489.023641520525,15,0.2522874447590997,0.046416145839575,0.2287976340077434,0.2757772555104561,15,0.6418239513730108,0.0741448857222701,0.6043014621121271,0.6793464406338946,15,0.1942768189326922,0.0422551764390545,0.1728927492331289,0.2156608886322554,15,0.0121023297226449,0.0059013228824242,0.0091158482907332,0.0150888111545565,15,0.0410480170922102,0.0076562686144865,0.0371734105827119,0.0449226236017085,15
cdc,audit,3,iid,0.5,local_only,not_applicable,decision_tree,none,calib_f1_optimal,age_group,40_59,18603.8,176.08772164545067,18514.687317715157,18692.912682284845,15,0.1815648960749146,0.0464386552072554,0.15806369401182,0.2050660981380092,15,0.5407542504150703,0.0953426142435015,0.4925042304142729,0.5890042704158677,15,0.1375904076293646,0.0404463276140423,0.1171217417361451,0.1580590735225841,15,0.3327805401798186,0.0508842540778338,0.3070295546791406,0.3585315256804965,15,0.3393337811817648,0.0718220092127553,0.3029868296270029,0.3756807327365267,15
cdc,audit,3,iid,0.5,local_only,not_applicable,decision_tree,none,calib_f1_optimal,bmi_category,healthy,17133.0,69.34077341033093,17097.908727010836,17168.091272989164,15,0.1113327774897184,0.0398768948869362,0.0911522843164309,0.1315132706630059,15,0.3896343900728365,0.1073292247221598,0.3353183082178934,0.4439504719277796,15,0.0930022214707319,0.0354969052281346,0.0750383088927773,0.1109661340486865,15,0.3997899908540699,0.0546951948904196,0.3721104032074565,0.4274695785006833,15,0.4418573749217259,0.1231583726823834,0.3795306389459953,0.5041841108974566,15
cdc,audit,3,iid,0.5,local_only,not_applicable,decision_tree,none,calib_f1_optimal,sex,female,28467.6,42.33337082862981,28446.17635847947,28489.023641520525,15,0.2558935530411643,0.044612584163963,0.2333164704293857,0.2784706356529429,15,0.6490909985841249,0.0706812899615682,0.6133213306199357,0.6848606665483141,15,0.1973365269868773,0.0406782056378936,0.1767505146229601,0.2179225393507946,15,0.0124648829211944,0.0058908401242319,0.0094837064968751,0.0154460593455137,15,0.0425627508186112,0.0061275578482121,0.0394617786974023,0.0456637229398202,15
cdc,audit,3,iid,0.5,local_only,not_applicable,decision_tree,sigmoid,calib_f1_optimal,age_group,40_59,18603.8,176.08772164545067,18514.687317715157,18692.912682284845,15,0.1794084967057768,0.0461427196626349,0.1560570586916354,0.2027599347199182,15,0.5369449774962084,0.0941382517686108,0.489304449000996,0.5845855059914208,15,0.135637954059868,0.0402975449222287,0.1152445825972946,0.1560313255224413,15,0.3406663846650143,0.050522081596014,0.3150986837284339,0.3662340856015947,15,0.3576315573520654,0.0724961886704781,0.3209434239178538,0.394319690786277,15
cdc,audit,3,iid,0.5,local_only,not_applicable,decision_tree,sigmoid,calib_f1_optimal,bmi_category,healthy,17133.0,69.34077341033093,17097.908727010836,17168.091272989164,15,0.1122422736782344,0.0396147996468807,0.092194418996928,0.1322901283595409,15,0.3922590416927035,0.1086659403445629,0.3372664883981205,0.4472515949872864,15,0.0938050729630109,0.0351433322762508,0.0760200929865536,0.1115900529394682,15,0.4006442757668152,0.0563567500886567,0.3721238251736224,0.4291647263600081,15,0.4473530829729578,0.1401480416372156,0.3764283882210606,0.5182777777248551,15
cdc,audit,3,iid,0.5,local_only,not_applicable,decision_tree,sigmoid,calib_f1_optimal,sex,female,28467.6,42.33337082862981,28446.17635847947,28489.023641520525,15,0.2572937789761598,0.041759442921481,0.2361605850505386,0.2784269729017811,15,0.6509215236519179,0.0666111265704755,0.6172116425583213,0.6846314047455145,15,0.1986751994868641,0.0380747290657615,0.1794067280533451,0.2179436709203832,15,0.0123202697982521,0.0057817841504789,0.0093942833113658,0.0152462562851384,15,0.0414457876678904,0.0063948487428999,0.0382095476906755,0.0446820276451053,15
cdc,audit,3,iid,0.5,local_only,not_applicable,gradient_boosting,isotonic,calib_f1_optimal,age_group,40_59,18603.8,176.08772164545067,18514.687317715157,18692.912682284845,15,0.1509468817630074,0.017679577730602,0.1419997809741768,0.1598939825518379,15,0.5212070144644144,0.0345703517701179,0.5037120026317965,0.5387020262970323,15,0.1056294558944435,0.0153594993941849,0.097856476740768,0.1134024350481189,15,0.3192712375151526,0.029586438254152,0.3042984339179144,0.3342440411123907,15,0.457632965664933,0.0539655519198223,0.4303226283079628,0.4849433030219032,15
cdc,audit,3,iid,0.5,local_only,not_applicable,gradient_boosting,isotonic,calib_f1_optimal,bmi_category,healthy,17133.0,69.34077341033093,17097.908727010836,17168.091272989164,15,0.0507892188940431,0.0167341944008221,0.0423205480804365,0.0592578897076498,15,0.2464654216164806,0.0616299687182381,0.215276354200006,0.2776544890329553,15,0.0379028778954216,0.0138054992178437,0.0309163313373346,0.0448894244535086,15,0.4235389645352507,0.0196421819544043,0.4135986489724864,0.433479280098015,15,0.6085613637407526,0.0767553527414414,0.5697177958951685,0.6474049315863368,15
cdc,audit,3,iid,0.5,local_only,not_applicable,gradient_boosting,isotonic,calib_f1_optimal,sex,female,28467.6,42.33337082862981,28446.17635847947,28489.023641520525,15,0.2058751663122612,0.0228244987667113,0.1943243762406845,0.2174259563838378,15,0.6056123369939083,0.0423372878297686,0.5841867131973059,0.6270379607905107,15,0.1463500866915393,0.01996582758944,0.136245983839245,0.1564541895438335,15,0.0334022030325276,0.0084454342529823,0.0291282236073243,0.0376761824577308,15,0.0310523907391124,0.0071599683042647,0.0274289468402119,0.034675834638013,15
cdc,audit,3,iid,0.5,local_only,not_applicable,gradient_boosting,none,calib_f1_optimal,age_group,40_59,18603.8,176.08772164545067,18514.687317715157,18692.912682284845,15,0.1477681001341396,0.0198452969328558,0.137724994209998,0.1578112060582812,15,0.515079485409398,0.0421840171938385,0.4937314272565304,0.5364275435622655,15,0.1028128077129182,0.0168987790064594,0.0942608455969193,0.1113647698289171,15,0.313075224796352,0.035610494524105,0.2950538281033883,0.3310966214893157,15,0.455096820591532,0.0622602458907369,0.4235887889173599,0.4866048522657041,15
cdc,audit,3,iid,0.5,local_only,not_applicable,gradient_boosting,none,calib_f1_optimal,bmi_category,healthy,17133.0,69.34077341033093,17097.908727010836,17168.091272989164,15,0.0481014289510334,0.0173703492565745,0.0393108193616002,0.0568920385404666,15,0.2365714007985983,0.06683916924485,0.2027461141889383,0.2703966874082584,15,0.0356822718510373,0.0140792130056715,0.0285572070045441,0.0428073366975305,15,0.4199281489944371,0.0234761595544062,0.4080475730627863,0.4318087249260879,15,0.606493608835007,0.079650730923288,0.566184777462799,0.646802440207215,15
cdc,audit,3,iid,0.5,local_only,not_applicable,gradient_boosting,none,calib_f1_optimal,sex,female,28467.6,42.33337082862981,28446.17635847947,28489.023641520525,15,0.2013957101386964,0.0256194166394371,0.188430496471442,0.2143609238059507,15,0.5966176399999157,0.0486829478159523,0.5719806691715479,0.6212546108282835,15,0.142545364769567,0.0222316098802587,0.1312946178723523,0.1537961116667816,15,0.0329500965712572,0.0080736801371915,0.0288642506859679,0.0370359424565464,15,0.0293400553835085,0.0078634886863329,0.0253605810487415,0.0333195297182756,15
cdc,audit,3,iid,0.5,local_only,not_applicable,gradient_boosting,sigmoid,calib_f1_optimal,age_group,40_59,18603.8,176.08772164545067,18514.687317715157,18692.912682284845,15,0.1473782146170338,0.0199724840124943,0.1372707431498966,0.157485686084171,15,0.5142665928129679,0.0428042785437984,0.4926046391079514,0.5359285465179845,15,0.1024752377012163,0.0169785506022914,0.0938829055877621,0.1110675698146705,15,0.3123304375339372,0.0360252276407732,0.2940991569256538,0.3305617181422205,15,0.4550072985807573,0.0618048158444752,0.4237297463098975,0.486284850851617,15
cdc,audit,3,iid,0.5,local_only,not_applicable,gradient_boosting,sigmoid,calib_f1_optimal,bmi_category,healthy,17133.0,69.34077341033093,17097.908727010836,17168.091272989164,15,0.0477392716270945,0.0175324406529469,0.0388666324732427,0.0566119107809464,15,0.2353076456969835,0.0678689019018067,0.2009612424629487,0.2696540489310183,15,0.0353792558339821,0.0141866236728009,0.0281998336900892,0.042558677977875,15,0.4199345321309475,0.0234298022315336,0.4080774162415195,0.4317916480203755,15,0.611278644005035,0.0840482566651303,0.5687443575550376,0.6538129304550323,15
cdc,audit,3,iid,0.5,local_only,not_applicable,gradient_boosting,sigmoid,calib_f1_optimal,sex,female,28467.6,42.33337082862981,28446.17635847947,28489.023641520525,15,0.20090603077381,0.0258336626456067,0.1878323936679412,0.2139796678796789,15,0.5959278316535019,0.0490078659150946,0.5711264295799178,0.6207292337270861,15,0.1420853375300204,0.0224216753422023,0.1307384042379497,0.1534322708220912,15,0.0328084540986147,0.008102421236458,0.0287080632102809,0.0369088449869486,15,0.0292489753364328,0.0078909116252125,0.025255623079816,0.0332423275930496,15
cdc,audit,3,iid,0.5,local_only,not_applicable,logistic_regression,isotonic,calib_f1_optimal,age_group,40_59,18603.8,176.08772164545067,18514.687317715157,18692.912682284845,15,0.1563711577693506,0.0211776818112317,0.1456537720644363,0.1670885434742648,15,0.5247775441792728,0.0423104923152586,0.5033654807839799,0.5461896075745657,15,0.1112777302298358,0.0182971280157336,0.1020181058769565,0.120537354582715,15,0.3327935228210335,0.0350743326164963,0.3150434614902376,0.3505435841518294,15,0.3944071175106021,0.0483503546959048,0.3699384620239285,0.4188757729972756,15
cdc,audit,3,iid,0.5,local_only,not_applicable,logistic_regression,isotonic,calib_f1_optimal,bmi_category,healthy,17133.0,69.34077341033093,17097.908727010836,17168.091272989164,15,0.1003828957301002,0.0176166657732323,0.0914676327844573,0.1092981586757432,15,0.4040042903513065,0.0494935029262764,0.3789571220409921,0.4290514586616209,15,0.080400986398039,0.0157110152704376,0.0724501156667687,0.0883518571293093,15,0.3472815136529134,0.0217746188581372,0.3362620361217897,0.3583009911840371,15,0.4096799090579393,0.0588848642039035,0.3798800561996333,0.4394797619162454,15
cdc,audit,3,iid,0.5,local_only,not_applicable,logistic_regression,isotonic,calib_f1_optimal,sex,female,28467.6,42.33337082862981,28446.17635847947,28489.023641520525,15,0.2172582268429557,0.0255499922562433,0.2043281467610789,0.2301883069248325,15,0.6125014121429692,0.0436807241107505,0.5903959157842233,0.634606908501715,15,0.1584139151138533,0.0230815190925579,0.1467330548112356,0.170094775416471,15,0.0481137604434248,0.0111712957940966,0.042460304748122,0.0537672161387277,15,0.0423015475572995,0.0103415442307142,0.037068004089562,0.047535091025037,15
cdc,audit,3,iid,0.5,local_only,not_applicable,logistic_regression,none,calib_f1_optimal,age_group,40_59,18603.8,176.08772164545067,18514.687317715157,18692.912682284845,15,0.1549271946512681,0.0267160280148572,0.1414070190583633,0.1684473702441729,15,0.5225855644733547,0.0544600109738824,0.4950249963099684,0.5501461326367411,15,0.1099394114280427,0.0232691959989756,0.0981635735064433,0.1217152493496422,15,0.3301937039138995,0.0445273155317754,0.3076597731837966,0.3527276346440023,15,0.3921824619321282,0.0460912850015354,0.368857053447872,0.4155078704163844,15
cdc,audit,3,iid,0.5,local_only,not_applicable,logistic_regression,none,calib_f1_optimal,bmi_category,healthy,17133.0,69.34077341033093,17097.908727010836,17168.091272989164,15,0.0991731466450954,0.0214457142867539,0.088320117792493,0.1100261754976978,15,0.3977241889579067,0.0602883095029992,0.3672140947842277,0.4282342831315856,15,0.0795136971390657,0.018989681835901,0.06990359219637,0.0891238020817614,15,0.3446092091245172,0.02994610281638,0.3294543901456076,0.3597640281034268,15,0.402426920443944,0.0576252212085482,0.3732645348944798,0.4315893059934082,15
cdc,audit,3,iid,0.5,local_only,not_applicable,logistic_regression,none,calib_f1_optimal,sex,female,28467.6,42.33337082862981,28446.17635847947,28489.023641520525,15,0.2155098018341742,0.0331885898772625,0.1987140579993514,0.232305545668997,15,0.6083058171457811,0.0582666370428942,0.57881883039798,0.6377928038935823,15,0.1570317372873041,0.0296747677923758,0.1420142327762115,0.1720492417983968,15,0.0472799321156581,0.0114055471230381,0.0415079288915684,0.0530519353397478,15,0.0415343285396082,0.0108176971165719,0.036059818464773,0.0470088386144433,15
cdc,audit,3,iid,0.5,local_only,not_applicable,logistic_regression,sigmoid,calib_f1_optimal,age_group,40_59,18603.8,176.08772164545067,18514.687317715157,18692.912682284845,15,0.1541058106895954,0.0264805868243298,0.1407047847785207,0.1675068366006701,15,0.5207435156021479,0.0537836937003682,0.4935252112022724,0.5479618200020234,15,0.1092427999805869,0.0230793794870583,0.0975630224677477,0.1209225774934262,15,0.3286796732000315,0.0438879997514676,0.3064692808942883,0.3508900655057747,15,0.3915504544724511,0.0453840122577872,0.368582975381076,0.4145179335638262,15
cdc,audit,3,iid,0.5,local_only,not_applicable,logistic_regression,sigmoid,calib_f1_optimal,bmi_category,healthy,17133.0,69.34077341033093,17097.908727010836,17168.091272989164,15,0.0983721764429373,0.021172291822611,0.0876575184486152,0.1090868344372594,15,0.3955985473116779,0.0595096946998138,0.3654824865943364,0.4257146080290194,15,0.0788006023941989,0.0187565804570503,0.0693084630252501,0.0882927417631478,15,0.3439356722325051,0.0297260958658156,0.3288921921323254,0.3589791523326848,15,0.4010895435109912,0.0579568802674585,0.371759315319988,0.4304197717019944,15
cdc,audit,3,iid,0.5,local_only,not_applicable,logistic_regression,sigmoid,calib_f1_optimal,sex,female,28467.6,42.33337082862981,28446.17635847947,28489.023641520525,15,0.2144486632787897,0.0329023505700476,0.1977977765197637,0.2310995500378157,15,0.6063164265719554,0.0576568471962676,0.5771380360644552,0.6354948170794555,15,0.156108580820686,0.0294416022619871,0.1412090743484977,0.1710080872928742,15,0.0470300413243194,0.0113201150981543,0.0413012726700185,0.0527588099786203,15,0.0412977276058919,0.0106770289539161,0.035894405443361,0.0467010497684228,15
cdc,audit,3,iid,0.5,local_only,not_applicable,random_forest,isotonic,calib_f1_optimal,age_group,40_59,18603.8,176.08772164545067,18514.687317715157,18692.912682284845,15,0.1632726671647147,0.0277837701377297,0.1492121395037124,0.1773331948257169,15,0.53641699115942,0.0569003687462869,0.5076214315678891,0.5652125507509509,15,0.1175938054869226,0.0240136685257857,0.1054412124847787,0.1297463984890664,15,0.312039609931811,0.0381780952566016,0.2927188279882958,0.3313603918753262,15,0.3789010104160819,0.0423673696463869,0.3574601631198407,0.400341857712323,15
cdc,audit,3,iid,0.5,local_only,not_applicable,random_forest,isotonic,calib_f1_optimal,bmi_category,healthy,17133.0,69.34077341033093,17097.908727010836,17168.091272989164,15,0.0657075272170063,0.0225675527350901,0.0542867697784052,0.0771282846556075,15,0.2804115085354478,0.0798760110914814,0.239988669668193,0.3208343474027025,15,0.0515694852162168,0.0188434748303081,0.0420333712270951,0.0611055992053385,15,0.4047261434417509,0.0254828267397393,0.3918300538009838,0.4176222330825181,15,0.5144803885265952,0.0437029158126643,0.4923636616171697,0.5365971154360206,15
cdc,audit,3,iid,0.5,local_only,not_applicable,random_forest,isotonic,calib_f1_optimal,sex,female,28467.6,42.33337082862981,28446.17635847947,28489.023641520525,15,0.215272301686865,0.0302020646547091,0.1999879481455059,0.2305566552282241,15,0.6061372638276568,0.0551623983622738,0.5782212386023146,0.634053289052999,15,0.1570613123127134,0.0264518792013455,0.1436748144633471,0.1704478101620797,15,0.0293065642198628,0.0126419983160791,0.0229088303582445,0.0357042980814812,15,0.0303292473889713,0.0100841728309804,0.0252259518201751,0.0354325429577674,15
cdc,audit,3,iid,0.5,local_only,not_applicable,random_forest,none,calib_f1_optimal,age_group,40_59,18603.8,176.08772164545067,18514.687317715157,18692.912682284845,15,0.1586493752275875,0.0225447104455413,0.1472401775824359,0.1700585728727391,15,0.5271564926274539,0.0422861958684703,0.5057567249307087,0.5485562603241991,15,0.1135438176422861,0.0199373552376473,0.1034541237880497,0.1236335114965225,15,0.3047084864693628,0.0294263367658224,0.2898167054041304,0.3196002675345952,15,0.3747157778611934,0.0414938608991228,0.3537169869828592,0.3957145687395276,15
cdc,audit,3,iid,0.5,local_only,not_applicable,random_forest,none,calib_f1_optimal,bmi_category,healthy,17133.0,69.34077341033093,17097.908727010836,17168.091272989164,15,0.0612955002644542,0.016455973138354,0.0529676288361513,0.0696233716927572,15,0.2675039202828833,0.0559189236933222,0.2392050404164781,0.2958028001492884,15,0.047725395454481,0.0139869941692834,0.0406469997782793,0.0548037911306826,15,0.4005686231090775,0.0224611001353265,0.3892017381188929,0.4119355080992621,15,0.5250562442716807,0.0366706453671188,0.5064983372282809,0.5436141513150806,15
cdc,audit,3,iid,0.5,local_only,not_applicable,random_forest,none,calib_f1_optimal,sex,female,28467.6,42.33337082862981,28446.17635847947,28489.023641520525,15,0.2094244629050292,0.0248385208236791,0.1968544370457433,0.2219944887643152,15,0.5974255313844818,0.0432018688615151,0.5755623692173923,0.6192886935515713,15,0.1516512681894023,0.0223016643610019,0.1403650688334542,0.1629374675453504,15,0.0283418720951596,0.0103174704072162,0.0231205116630404,0.0335632325272787,15,0.0288743634842434,0.0088070150981829,0.0244173989043822,0.0333313280641045,15
cdc,audit,3,iid,0.5,local_only,not_applicable,random_forest,sigmoid,calib_f1_optimal,age_group,40_59,18603.8,176.08772164545067,18514.687317715157,18692.912682284845,15,0.1582314860366118,0.0223393073484311,0.1469262367006441,0.1695367353725794,15,0.5270728016671663,0.0456779424085724,0.5039565733961431,0.5501890299381895,15,0.1130864954882757,0.0193408665430226,0.1032986665626891,0.1228743244138624,15,0.3042742248430949,0.03073204828326,0.2887216625801628,0.3198267871060269,15,0.3746306394511338,0.0387711906510905,0.3550097098257711,0.3942515690764965,15
cdc,audit,3,iid,0.5,local_only,not_applicable,random_forest,sigmoid,calib_f1_optimal,bmi_category,healthy,17133.0,69.34077341033093,17097.908727010836,17168.091272989164,15,0.0613349961014601,0.0175940823631065,0.0524311619382026,0.0702388302647176,15,0.267434826246522,0.061439906381381,0.2363419436433914,0.2985277088496525,15,0.0477763306008077,0.0148354117581625,0.0402685763848046,0.0552840848168108,15,0.4002406270313651,0.0217028618970274,0.3892574635329141,0.411223790529816,15,0.5250071197999701,0.0416626970128256,0.5039228860593056,0.5460913535406345,15
cdc,audit,3,iid,0.5,local_only,not_applicable,random_forest,sigmoid,calib_f1_optimal,sex,female,28467.6,42.33337082862981,28446.17635847947,28489.023641520525,15,0.2092666324726737,0.0240102790426986,0.1971157547856389,0.2214175101597086,15,0.5964683996137101,0.0445291473064929,0.5739335418776985,0.6190032573497217,15,0.1516086075247805,0.0210371004155273,0.1409623658220346,0.1622548492275264,15,0.0281318642112052,0.0117376205708078,0.0221918086358794,0.034071919786531,15,0.0294432078727581,0.0093349165629801,0.0247190882915681,0.034167327453948,15
cdc,audit,shared,shared,shared,centralized,not_applicable,decision_tree,isotonic,calib_f1_optimal,age_group,40_59,18603.8,190.1964773595978,18437.085437036832,18770.51456296317,5,0.1592747988351866,0.0160846584068582,0.145175974114888,0.1733736235554852,5,0.5200059386834894,0.0407660102251783,0.4842729552297889,0.5557389221371899,5,0.1151657030540546,0.0138115187333515,0.1030593731080225,0.1272720330000867,5,0.3311768431724653,0.0416676121995617,0.2946535707438441,0.3677001156010865,5,0.4458497776546631,0.0570919040293164,0.3958065173318804,0.4958930379774458,5
cdc,audit,shared,shared,shared,centralized,not_applicable,decision_tree,isotonic,calib_f1_optimal,bmi_category,healthy,17133.0,74.89659538323488,17067.3502396044,17198.6497603956,5,0.0595083919429077,0.0241468777946412,0.038342720347174,0.0806740635386414,5,0.2590415525949198,0.0815925274871338,0.1875225489313572,0.3305605562584823,5,0.0463966204541489,0.02051403219572,0.0284152784251072,0.0643779624831906,5,0.4185386878457352,0.023647445630935,0.3978107878431347,0.4392665878483357,5,0.5573906427925385,0.0575680238823499,0.5069300450178823,0.6078512405671946,5
cdc,audit,shared,shared,shared,centralized,not_applicable,decision_tree,isotonic,calib_f1_optimal,sex,female,28467.6,45.72526653831555,28427.52003672656,28507.67996327344,5,0.2288085079552749,0.0249846837127364,0.2069084670934948,0.250708548817055,5,0.6322786258547722,0.0427764460237959,0.5947834177259094,0.6697738339836351,5,0.1687193988019136,0.0222030067381387,0.1492576053123389,0.1881811922914883,5,0.0072669716977471,0.0041350945613752,0.0036424015049582,0.0108915418905361,5,0.0515643395146963,0.0073718547782317,0.0451026239001782,0.0580260551292143,5
cdc,audit,shared,shared,shared,centralized,not_applicable,decision_tree,none,calib_f1_optimal,age_group,40_59,18603.8,190.1964773595978,18437.085437036832,18770.51456296317,5,0.1567243034281665,0.0164559327741334,0.1423000423762439,0.1711485644800891,5,0.515900276771324,0.0417749304516523,0.4792829357471975,0.5525176177954504,5,0.1128076060319528,0.0141805015246919,0.1003778484091666,0.125237363654739,5,0.3174956962171822,0.0418446557683367,0.2808172382582949,0.3541741541760694,5,0.4272659798534844,0.0633724964743365,0.3717175375254554,0.4828144221815135,5
cdc,audit,shared,shared,shared,centralized,not_applicable,decision_tree,none,calib_f1_optimal,bmi_category,healthy,17133.0,74.89659538323488,17067.3502396044,17198.6497603956,5,0.0577028429083036,0.0246884494332475,0.0360624628411149,0.0793432229754922,5,0.2528858590266388,0.0841884338625688,0.1790914431005467,0.3266802749527308,5,0.0448811435329115,0.020911144671764,0.0265517170713399,0.0632105699944831,5,0.4072834509271744,0.0136469982241346,0.3953213295657247,0.4192455722886242,5,0.5459673793855326,0.0474567582104273,0.5043696967442203,0.587565062026845,5
cdc,audit,shared,shared,shared,centralized,not_applicable,decision_tree,none,calib_f1_optimal,sex,female,28467.6,45.72526653831555,28427.52003672656,28507.67996327344,5,0.2208886069916744,0.0255079187332193,0.198529930412883,0.2432472835704658,5,0.617983425015592,0.0411904493809399,0.5818784042384901,0.6540884457926939,5,0.1617553702934951,0.0231583902946605,0.1414561461937488,0.1820545943932414,5,0.0079211466194328,0.0049358115084181,0.0035947170771089,0.0122475761617567,5,0.0505336705738278,0.0086006757876056,0.0429948458541269,0.0580724952935288,5
cdc,audit,shared,shared,shared,centralized,not_applicable,decision_tree,sigmoid,calib_f1_optimal,age_group,40_59,18603.8,190.1964773595978,18437.085437036832,18770.51456296317,5,0.1554087443409392,0.015457876754674,0.1418593179621233,0.1689581707197551,5,0.5128551605543669,0.0398613581897249,0.4779151395719912,0.5477951815367426,5,0.1116997661203644,0.0131981558737415,0.1001310724255253,0.1232684598152035,5,0.3173974303882176,0.0401476591218202,0.2822064555741369,0.3525884052022984,5,0.4268675005607181,0.0529403232424325,0.3804632612445287,0.4732717398769075,5
cdc,audit,shared,shared,shared,centralized,not_applicable,decision_tree,sigmoid,calib_f1_optimal,bmi_category,healthy,17133.0,74.89659538323488,17067.3502396044,17198.6497603956,5,0.0550968281331305,0.0213155761892032,0.0364129018163858,0.0737807544498752,5,0.2449376150340325,0.0749350139300359,0.1792541792973905,0.3106210507706745,5,0.0426339525216756,0.0180019188662898,0.0268545749119752,0.0584133301313759,5,0.4104404365190939,0.0171204406843821,0.3954337086024815,0.4254471644357063,5,0.5529487752645014,0.0451206079964374,0.5133988185713687,0.592498731957634,5
cdc,audit,shared,shared,shared,centralized,not_applicable,decision_tree,sigmoid,calib_f1_optimal,sex,female,28467.6,45.72526653831555,28427.52003672656,28507.67996327344,5,0.2204279063639471,0.0251203566008309,0.1984089429723776,0.2424468697555165,5,0.6175185282000231,0.0424234170302574,0.5803327636275717,0.6547042927724744,5,0.1612925354527429,0.0224691931149313,0.1415974193165567,0.1809876515889291,5,0.0077495934350872,0.0048074245561866,0.0035357000181879,0.0119634868519866,5,0.0519915235147482,0.0074226544654706,0.0454852800111005,0.0584977670183958,5
cdc,audit,shared,shared,shared,centralized,not_applicable,gradient_boosting,isotonic,calib_f1_optimal,age_group,40_59,18603.8,190.1964773595978,18437.085437036832,18770.51456296317,5,0.1528794920826491,0.0184738450494802,0.1366864529347662,0.1690725312305319,5,0.5275130153509378,0.0347645999131153,0.4970404999733445,0.557985530728531,5,0.1070180323457788,0.0159955701411327,0.0929972969333989,0.1210387677581588,5,0.3275188902581265,0.0324740574889476,0.2990541238383215,0.3559836566779316,5,0.4784217571487887,0.0598775667276059,0.4259367558129477,0.5309067584846296,5
cdc,audit,shared,shared,shared,centralized,not_applicable,gradient_boosting,isotonic,calib_f1_optimal,bmi_category,healthy,17133.0,74.89659538323488,17067.3502396044,17198.6497603956,5,0.0507627787834789,0.0142285979019894,0.038290862827202,0.0632346947397557,5,0.2521039091441929,0.0529890066700184,0.2056569969222472,0.2985508213661385,5,0.0374760921472821,0.0116052070267045,0.0273036796798517,0.0476485046147126,5,0.4237773571953151,0.0137943843470736,0.4116860462010513,0.4358686681895788,5,0.5849598134077515,0.0646918052048147,0.5282549459898964,0.6416646808256066,5
cdc,audit,shared,shared,shared,centralized,not_applicable,gradient_boosting,isotonic,calib_f1_optimal,sex,female,28467.6,45.72526653831555,28427.52003672656,28507.67996327344,5,0.2070622400650443,0.0228818941757102,0.1870053754993532,0.2271191046307355,5,0.6105978949322913,0.0416025471767198,0.5741316545107706,0.647064135353812,5,0.1469889713201953,0.0205343286885373,0.128989838630797,0.1649881040095936,5,0.0395923232328364,0.0026605809655614,0.0372602211925706,0.0419244252731023,5,0.0337122307603084,0.002176788082789,0.0318041918790231,0.0356202696415937,5
cdc,audit,shared,shared,shared,centralized,not_applicable,gradient_boosting,none,calib_f1_optimal,age_group,40_59,18603.8,190.1964773595978,18437.085437036832,18770.51456296317,5,0.1341430260103726,0.0046182018783975,0.1300949935834782,0.1381910584372669,5,0.4866884993022714,0.0084629346187036,0.4792704100404208,0.494106588564122,5,0.0909999640484431,0.0037012818109718,0.0877556474970222,0.094244280599864,5,0.2941191021908711,0.0075860434828799,0.2874696418989395,0.3007685624828027,5,0.455849973076296,0.0477933819274921,0.4139572267374189,0.4977427194151731,5
cdc,audit,shared,shared,shared,centralized,not_applicable,gradient_boosting,none,calib_f1_optimal,bmi_category,healthy,17133.0,74.89659538323488,17067.3502396044,17198.6497603956,5,0.0358515049067189,0.0018247286372778,0.034252059735529,0.0374509500779089,5,0.1914466291991006,0.0079345997519258,0.1844916458666333,0.1984016125315678,5,0.0255971774857205,0.0014770703933576,0.0243024682013373,0.0268918867701038,5,0.4086773836171646,0.0094591717559525,0.4003860540027595,0.4169687132315697,5,0.6075096971942553,0.059263482696591,0.5555629642442149,0.6594564301442957,5
cdc,audit,shared,shared,shared,centralized,not_applicable,gradient_boosting,none,calib_f1_optimal,sex,female,28467.6,45.72526653831555,28427.52003672656,28507.67996327344,5,0.1838066444503612,0.0051472135369247,0.179294912859959,0.1883183760407634,5,0.5679280232827271,0.0123487952838344,0.557103826970333,0.5787522195951211,5,0.1266117767535144,0.004611781840304,0.1225693717381254,0.1306541817689034,5,0.0348131087800596,0.002580897452791,0.03255085241828,0.0370753651418392,5,0.0292565799208157,0.0027943897041447,0.0268071893498511,0.0317059704917802,5
cdc,audit,shared,shared,shared,centralized,not_applicable,gradient_boosting,sigmoid,calib_f1_optimal,age_group,40_59,18603.8,190.1964773595978,18437.085437036832,18770.51456296317,5,0.1462255395532787,0.024221697204339,0.1249942858533857,0.1674567932531716,5,0.5111360281972231,0.0486900893843642,0.4684572831171832,0.553814773277263,5,0.1015372095862727,0.0206584912432557,0.0834292436191311,0.1196451755534142,5,0.3163778230167335,0.0423608094704098,0.2792469363900942,0.3535087096433728,5,0.4690087043469487,0.0597321662786882,0.4166511521239014,0.521366256569996,5
cdc,audit,shared,shared,shared,centralized,not_applicable,gradient_boosting,sigmoid,calib_f1_optimal,bmi_category,healthy,17133.0,74.89659538323488,17067.3502396044,17198.6497603956,5,0.046529299901701,0.0181880609165969,0.0305867615910412,0.0624718382123608,5,0.233067216710224,0.0684310108808004,0.173084791007613,0.2930496424128351,5,0.0342366524495831,0.0148697004578,0.0212027853263324,0.0472705195728338,5,0.4170572711217065,0.0214289887134843,0.3982739343443552,0.4358406078990577,5,0.5996523526602775,0.0538537239830981,0.552447482294532,0.646857223026023,5
cdc,audit,shared,shared,shared,centralized,not_applicable,gradient_boosting,sigmoid,calib_f1_optimal,sex,female,28467.6,45.72526653831555,28427.52003672656,28507.67996327344,5,0.1996381002744254,0.0302502860709047,0.173122555445029,0.2261536451038217,5,0.5964527841907757,0.0560637681473275,0.5473107247031087,0.6455948436784428,5,0.140570020056586,0.0268256282375646,0.1170563201714797,0.1640837199416923,5,0.0369646940778279,0.00196134268912,0.0352455014104504,0.0386838867452054,5,0.0316436649107212,0.0020667580587125,0.0298320715978891,0.0334552582235532,5
cdc,audit,shared,shared,shared,centralized,not_applicable,logistic_regression,isotonic,calib_f1_optimal,age_group,40_59,18603.8,190.1964773595978,18437.085437036832,18770.51456296317,5,0.1534842335224216,0.0093953545678307,0.1452488421397595,0.1617196249050836,5,0.5213344728524143,0.0285241806692199,0.4963319261167007,0.546337019588128,5,0.1084845012606662,0.0071823101898528,0.1021889288032261,0.1147800737181064,5,0.3357795404349413,0.0126625600030824,0.3246803172200048,0.3468787636498777,5,0.4089227157160461,0.0406235928726686,0.3733145665758494,0.4445308648562429,5
cdc,audit,shared,shared,shared,centralized,not_applicable,logistic_regression,isotonic,calib_f1_optimal,bmi_category,healthy,17133.0,74.89659538323488,17067.3502396044,17198.6497603956,5,0.0950496615177392,0.0071606981564848,0.0887730328427903,0.1013262901926882,5,0.389693007452701,0.0180006488201501,0.3739147430875258,0.4054712718178762,5,0.0756426985571675,0.0066349731632071,0.0698268881566149,0.0814585089577202,5,0.3632537356939663,0.0134747214476469,0.3514426215851197,0.375064849802813,5,0.4319632863627848,0.0599920548390823,0.3793779317725921,0.4845486409529775,5
cdc,audit,shared,shared,shared,centralized,not_applicable,logistic_regression,isotonic,calib_f1_optimal,sex,female,28467.6,45.72526653831555,28427.52003672656,28507.67996327344,5,0.2167761506076487,0.0097691949548215,0.2082130736779125,0.2253392275373848,5,0.613986141922878,0.0197997332067021,0.596630910563352,0.631341373282404,5,0.1576250760096499,0.0079829551351394,0.1506277073149968,0.1646224447043029,5,0.049086423804716,0.0062058966366846,0.043646715562258,0.054526132047174,5,0.0427935635575256,0.0068644457600188,0.0367766115573988,0.0488105155576525,5
cdc,audit,shared,shared,shared,centralized,not_applicable,logistic_regression,none,calib_f1_optimal,age_group,40_59,18603.8,190.1964773595978,18437.085437036832,18770.51456296317,5,0.1530810511201039,0.0144481860246965,0.1404166576878126,0.1657454445523952,5,0.5217021574594921,0.0374439344766831,0.4888811017882067,0.5545232131307775,5,0.1079986005848424,0.01201835962153,0.0974640439008647,0.1185331572688201,5,0.3348414003916199,0.0253276521392191,0.3126407344492652,0.3570420663339745,5,0.411273378901134,0.0469750032698527,0.3700979730837051,0.4524487847185629,5
cdc,audit,shared,shared,shared,centralized,not_applicable,logistic_regression,none,calib_f1_optimal,bmi_category,healthy,17133.0,74.89659538323488,17067.3502396044,17198.6497603956,5,0.0951668433869696,0.0129736270024361,0.0837949579252374,0.1065387288487018,5,0.3894936524360377,0.033626271822805,0.360018925622772,0.4189683792493034,5,0.0757485732095086,0.0111906895110322,0.0659395013644979,0.0855576450545193,5,0.3628122291220928,0.0165600637319272,0.3482966932612961,0.3773277649828895,5,0.4227894716400753,0.0621683036839883,0.3682965508314418,0.4772823924487087,5
cdc,audit,shared,shared,shared,centralized,not_applicable,logistic_regression,none,calib_f1_optimal,sex,female,28467.6,45.72526653831555,28427.52003672656,28507.67996327344,5,0.216461334581255,0.0193746146275845,0.1994787360859599,0.2334439330765502,5,0.6126558100783535,0.030526008756946,0.5858985836587377,0.6394130364979692,5,0.1574665669387303,0.0176796566503905,0.1419696646157916,0.172963469261669,5,0.0484470529934778,0.0030243577226774,0.0457960865666539,0.0510980194203016,5,0.0419531146589397,0.0028752529624835,0.0394328443169043,0.0444733850009751,5
cdc,audit,shared,shared,shared,centralized,not_applicable,logistic_regression,sigmoid,calib_f1_optimal,age_group,40_59,18603.8,190.1964773595978,18437.085437036832,18770.51456296317,5,0.1517810379601628,0.0186679710487098,0.1354178398715328,0.1681442360487927,5,0.5191056131983329,0.0474227624340938,0.4775377291688177,0.5606734972278482,5,0.1068644606534323,0.0155889463404698,0.0932001467171965,0.1205287745896681,5,0.3320149787829611,0.0341649862347804,0.3020680479678062,0.3619619095981161,5,0.4082089601288073,0.0542471875272907,0.3606592037603206,0.4557587164972941,5
cdc,audit,shared,shared,shared,centralized,not_applicable,logistic_regression,sigmoid,calib_f1_optimal,bmi_category,healthy,17133.0,74.89659538323488,17067.3502396044,17198.6497603956,5,0.0939892640119486,0.016467383179224,0.0795549662374382,0.1084235617864589,5,0.3837454718945893,0.0451900130700883,0.3441346789720913,0.4233562648170874,5,0.0748606220593238,0.0141308192973024,0.0624744128289224,0.0872468312897252,5,0.3601430115587669,0.0221857667718242,0.340696329565943,0.3795896935515909,5,0.4281759255248454,0.0510758583825753,0.3834059617146298,0.4729458893350611,5
cdc,audit,shared,shared,shared,centralized,not_applicable,logistic_regression,sigmoid,calib_f1_optimal,sex,female,28467.6,45.72526653831555,28427.52003672656,28507.67996327344,5,0.214724707625989,0.0252018234762903,0.1926343353696144,0.2368150798823635,5,0.6082461385352242,0.04293702473808,0.5706101769573769,0.6458821001130716,5,0.1561314398549152,0.0225857448537155,0.1363341616152886,0.1759287180945418,5,0.0475265038566502,0.0033294133235741,0.0446081444061017,0.0504448633071986,5,0.0410167572919708,0.0030673773591563,0.0383280824911855,0.043705432092756,5
cdc,audit,shared,shared,shared,centralized,not_applicable,mlp,isotonic,calib_f1_optimal,age_group,40_59,18603.8,190.1964773595978,18437.085437036832,18770.51456296317,5,0.1448253106505207,0.0022898078883267,0.1428182055417849,0.1468324157592565,5,0.5104761772982281,0.0079806290985815,0.5034808474645127,0.5174715071319436,5,0.1000939214464586,0.0024974897139007,0.0979047751912903,0.1022830677016269,5,0.2918870507871725,0.0095790036347495,0.2834906838998376,0.3002834176745073,5,0.4164676223011335,0.0353151391206195,0.3855125380313751,0.4474227065708919,5
cdc,audit,shared,shared,shared,centralized,not_applicable,mlp,isotonic,calib_f1_optimal,bmi_category,healthy,17133.0,74.89659538323488,17067.3502396044,17198.6497603956,5,0.0440021252713528,0.0031020468587093,0.041283061314331,0.0467211892283746,5,0.2234318256556997,0.0115156205975268,0.2133379391557063,0.2335257121556931,5,0.0321814053685167,0.0025826332774361,0.029917627489351,0.0344451832476824,5,0.4241761382684115,0.0104281456266233,0.4150354656082559,0.4333168109285671,5,0.6606745897142658,0.0498215559255232,0.6170040704829092,0.7043451089456225,5
cdc,audit,shared,shared,shared,centralized,not_applicable,mlp,isotonic,calib_f1_optimal,sex,female,28467.6,45.72526653831555,28427.52003672656,28507.67996327344,5,0.1852455447249536,0.0083267482489041,0.1779468280794514,0.1925442613704558,5,0.5676967261676682,0.0175206545588002,0.5523391953229908,0.5830542570123456,5,0.1283019915996258,0.0075162526081276,0.1217137057066351,0.1348902774926165,5,0.0440887501951272,0.0065003320620406,0.0383909579232459,0.0497865424670085,5,0.0380157382153858,0.0067344797125669,0.0321127064786718,0.0439187699520998,5
cdc,audit,shared,shared,shared,centralized,not_applicable,mlp,none,calib_f1_optimal,age_group,40_59,18603.8,190.1964773595978,18437.085437036832,18770.51456296317,5,0.1449316839355215,0.0052786066111548,0.1403047812375849,0.1495585866334582,5,0.5082352119279484,0.0097820903406777,0.499660831694139,0.5168095921617578,5,0.1004739446674252,0.0043934025140315,0.0966229575712591,0.1043249317635913,5,0.2919256778647111,0.0064666709650009,0.2862573908452915,0.2975939648841307,5,0.418367816538246,0.0347743565047108,0.3878867491310546,0.4488488839454373,5
cdc,audit,shared,shared,shared,centralized,not_applicable,mlp,none,calib_f1_optimal,bmi_category,healthy,17133.0,74.89659538323488,17067.3502396044,17198.6497603956,5,0.0437720878183762,0.0033586190151786,0.0408281284504187,0.0467160471863337,5,0.2192653804638246,0.0131259073850918,0.2077600153614873,0.230770745566162,5,0.0322194885872301,0.002859992558238,0.0297125945792875,0.0347263825951728,5,0.4239742138292195,0.010534286438764,0.4147405046451795,0.4332079230132595,5,0.6648963489000552,0.0499723022819999,0.621093694661325,0.7086990031387854,5
cdc,audit,shared,shared,shared,centralized,not_applicable,mlp,none,calib_f1_optimal,sex,female,28467.6,45.72526653831555,28427.52003672656,28507.67996327344,5,0.1850972254276338,0.0061133441601199,0.1797386430077771,0.1904558078474906,5,0.5661952002362854,0.0186730324888164,0.5498275655997916,0.5825628348727793,5,0.1283556277291005,0.0047926842061706,0.1241546547986631,0.1325566006595379,5,0.0441812877824764,0.0078331647594895,0.037315216141056,0.0510473594238968,5,0.0380460741479885,0.0078706854226178,0.0311471141952683,0.0449450341007087,5
cdc,audit,shared,shared,shared,centralized,not_applicable,mlp,sigmoid,calib_f1_optimal,age_group,40_59,18603.8,190.1964773595978,18437.085437036832,18770.51456296317,5,0.1421810610157491,0.0037656541141406,0.1388803196527928,0.1454818023787054,5,0.5031653843515359,0.0065123090581655,0.497457093779674,0.5088736749233979,5,0.098007741262369,0.0030476348382369,0.0953363715441625,0.1006791109805756,5,0.2869160444791664,0.0018981236109868,0.2852522657770117,0.2885798231813212,5,0.4134548754900208,0.0342360922437404,0.3834456175099656,0.4434641334700759,5
cdc,audit,shared,shared,shared,centralized,not_applicable,mlp,sigmoid,calib_f1_optimal,bmi_category,healthy,17133.0,74.89659538323488,17067.3502396044,17198.6497603956,5,0.0420873426480288,0.003077843263259,0.0393894940778199,0.0447851912182376,5,0.2132693411872927,0.0105111075303743,0.2040559492122557,0.2224827331623296,5,0.0308123153037393,0.0025703461910374,0.0285593075306633,0.0330653230768154,5,0.4205631714802162,0.0081268163833143,0.4134397028417063,0.4276866401187262,5,0.6736033779103762,0.0477418588813709,0.6317557935126447,0.7154509623081077,5
cdc,audit,shared,shared,shared,centralized,not_applicable,mlp,sigmoid,calib_f1_optimal,sex,female,28467.6,45.72526653831555,28427.52003672656,28507.67996327344,5,0.1819506746417301,0.0032243360099174,0.1791244195175436,0.1847769297659166,5,0.5600601501742188,0.0123288388157174,0.5492534464773906,0.5708668538710471,5,0.1256533161802566,0.0029778656298829,0.1230431018695555,0.1282635304909578,5,0.0430960440264099,0.0080977988849958,0.0359980103466207,0.0501940777061992,5,0.0372478315224869,0.0082812632563777,0.0299889842308008,0.044506678814173,5
cdc,audit,shared,shared,shared,centralized,not_applicable,random_forest,isotonic,calib_f1_optimal,age_group,40_59,18603.8,190.1964773595978,18437.085437036832,18770.51456296317,5,0.1644674396203579,0.0165734093269687,0.1499402058297378,0.1789946734109781,5,0.5417943818478899,0.0328144821246973,0.5130312200783981,0.5705575436173816,5,0.118280473470003,0.0143270483115246,0.1057222619249379,0.1308386850150682,5,0.3159043688045052,0.0226086439290667,0.2960870186403485,0.3357217189686618,5,0.4410571643253209,0.035133535812842,0.4102612623732851,0.4718530662773566,5
cdc,audit,shared,shared,shared,centralized,not_applicable,random_forest,isotonic,calib_f1_optimal,bmi_category,healthy,17133.0,74.89659538323488,17067.3502396044,17198.6497603956,5,0.0719735355090307,0.0164627456649315,0.0575433026950246,0.0864037683230368,5,0.3229587890380905,0.0556116897717779,0.274212993718147,0.371704584358034,5,0.0554857574669708,0.0143073400528056,0.0429448209723414,0.0680266939616001,5,0.3689446325197458,0.0136910936562708,0.3569438598078646,0.380945405231627,5,0.4599427582886042,0.041428462757149,0.4236291095887091,0.4962564069884992,5
cdc,audit,shared,shared,shared,centralized,not_applicable,random_forest,isotonic,calib_f1_optimal,sex,female,28467.6,45.72526653831555,28427.52003672656,28507.67996327344,5,0.2211592125290637,0.0192479904418647,0.2042876050262196,0.2380308200319078,5,0.62736656563747,0.0341030088328419,0.5974739604103659,0.657259170864574,5,0.1606700908428218,0.0169529523987646,0.1458101728815031,0.1755300088041405,5,0.0080258512595681,0.0025826602814516,0.0057620497103391,0.010289652808797,5,0.0499440308350988,0.0049743000637195,0.0455838645865791,0.0543041970836184,5
cdc,audit,shared,shared,shared,centralized,not_applicable,random_forest,none,calib_f1_optimal,age_group,40_59,18603.8,190.1964773595978,18437.085437036832,18770.51456296317,5,0.1526863220872284,0.0178720154545884,0.1370208098382849,0.1683518343361719,5,0.5188221261076403,0.0386517646688879,0.4849423605936567,0.552701891621624,5,0.1078842623770084,0.0155031259548078,0.0942951733255212,0.1214733514284956,5,0.2954544296859661,0.0285778677505236,0.2704048241486356,0.3205040352232967,5,0.4235835090242325,0.0216362876443872,0.4046184667224257,0.4425485513260392,5
cdc,audit,shared,shared,shared,centralized,not_applicable,random_forest,none,calib_f1_optimal,bmi_category,healthy,17133.0,74.89659538323488,17067.3502396044,17198.6497603956,5,0.0608720920992384,0.0193794882119319,0.0438852217189124,0.0778589624795644,5,0.2808233752411134,0.06664964254254,0.2224023877318502,0.3392443627503766,5,0.0464302308269303,0.0166657784056174,0.0318220319690701,0.0610384296847905,5,0.3591851777151155,0.0134512939285572,0.3473945987321584,0.3709757566980725,5,0.4752463605411207,0.0293089009602877,0.4495559761430598,0.5009367449391815,5
cdc,audit,shared,shared,shared,centralized,not_applicable,random_forest,none,calib_f1_optimal,sex,female,28467.6,45.72526653831555,28427.52003672656,28507.67996327344,5,0.2064892630894406,0.0216829868071541,0.1874832871666777,0.2254952390122034,5,0.6028007101448284,0.0392147717643396,0.5684274471530449,0.6371739731366118,5,0.1474667054268309,0.018746639323426,0.1310345515551052,0.1638988592985567,5,0.0056340461984168,0.0045052587797551,0.0016850127624148,0.0095830796344188,5,0.0541061061376848,0.0073544214387628,0.0476596715189607,0.060552540756409,5
cdc,audit,shared,shared,shared,centralized,not_applicable,random_forest,sigmoid,calib_f1_optimal,age_group,40_59,18603.8,190.1964773595978,18437.085437036832,18770.51456296317,5,0.1553462585363615,0.0094922489979435,0.1470259354410092,0.1636665816317138,5,0.5251373525191486,0.0181690519008796,0.5092114763454099,0.5410632286928874,5,0.1100819317391434,0.0081005662432134,0.1029814723629258,0.117182391115361,5,0.2986759859007489,0.0110739711705598,0.288969222191997,0.3083827496095009,5,0.4327783159188928,0.032685934012777,0.4041278315375212,0.4614288003002644,5
cdc,audit,shared,shared,shared,centralized,not_applicable,random_forest,sigmoid,calib_f1_optimal,bmi_category,healthy,17133.0,74.89659538323488,17067.3502396044,17198.6497603956,5,0.0617786566526151,0.0078413302361816,0.0549054276553014,0.0686518856499287,5,0.2891132898844522,0.030287431498891,0.2625651856518599,0.3156613941170446,5,0.0468250598771154,0.0066369362104418,0.0410075287897953,0.0526425909644355,5,0.3625545497914989,0.010437392229977,0.3534057721261486,0.3717033274568492,5,0.4659630945502085,0.0396676085047545,0.4311929026545884,0.5007332864458287,5
cdc,audit,shared,shared,shared,centralized,not_applicable,random_forest,sigmoid,calib_f1_optimal,sex,female,28467.6,45.72526653831555,28427.52003672656,28507.67996327344,5,0.2088714253851091,0.009968346723805,0.2001337842332046,0.2176090665370135,5,0.6079882734814476,0.0189741902875784,0.5913566623954393,0.6246198845674559,5,0.1494440922450681,0.0089975919758669,0.1415573551466647,0.1573308293434714,5,0.0067074263787973,0.0020363939853308,0.00492244834977,0.0084924044078245,5,0.0524239557101458,0.0091108244579846,0.0444379659650502,0.0604099454552413,5
cdc,audit,shared,shared,shared,centralized,not_applicable,xgboost,isotonic,calib_f1_optimal,age_group,40_59,18603.8,190.1964773595978,18437.085437036832,18770.51456296317,5,0.1384429669689624,0.0142704453229669,0.125934370130914,0.1509515638070108,5,0.4957145792178048,0.0296464071042573,0.469728357640894,0.5217008007947157,5,0.0947045583936846,0.0117956970504717,0.08436517405852,0.1050439427288493,5,0.2969634479088482,0.0242633542496745,0.2756956801987914,0.318231215618905,5,0.4417655642710449,0.0421856425279068,0.4047882182392179,0.4787429103028719,5
cdc,audit,shared,shared,shared,centralized,not_applicable,xgboost,isotonic,calib_f1_optimal,bmi_category,healthy,17133.0,74.89659538323488,17067.3502396044,17198.6497603956,5,0.0411791555434891,0.0076282176956547,0.034492727924146,0.0478655831628322,5,0.2172229476058793,0.0337669402450691,0.1876249194840612,0.2468209757276973,5,0.0295637477927384,0.0057882983784407,0.0244900805626262,0.0346374150228505,5,0.4164136328036402,0.0135574498885894,0.4045300040190865,0.428297261588194,5,0.6090025777994296,0.0585527842419976,0.5576787995113314,0.6603263560875278,5
cdc,audit,shared,shared,shared,centralized,not_applicable,xgboost,isotonic,calib_f1_optimal,sex,female,28467.6,45.72526653831555,28427.52003672656,28507.67996327344,5,0.187177250951717,0.0166153252442947,0.1726132762396285,0.2017412256638055,5,0.574789000214324,0.0334365891638334,0.5454805375823467,0.6040974628463013,5,0.12946900382209,0.0144095667471993,0.1168384616790512,0.1420995459651289,5,0.0368559514835642,0.0025596339303119,0.0346123334210128,0.0390995695461156,5,0.0311199668407491,0.0025142187553601,0.0289161569342113,0.0333237767472869,5
cdc,audit,shared,shared,shared,centralized,not_applicable,xgboost,none,calib_f1_optimal,age_group,40_59,18603.8,190.1964773595978,18437.085437036832,18770.51456296317,5,0.1436808676266022,0.0061712077298593,0.138271565551605,0.1490901697015994,5,0.5097470311384422,0.0167061818270755,0.4951034171201957,0.5243906451566888,5,0.0989060460527452,0.0056900267887255,0.0939185176689383,0.1038935744365522,5,0.3057164455927339,0.0170113169412439,0.2908053688543072,0.3206275223311606,5,0.4490143967934008,0.0332566945016241,0.4198636187852714,0.4781651748015302,5
cdc,audit,shared,shared,shared,centralized,not_applicable,xgboost,none,calib_f1_optimal,bmi_category,healthy,17133.0,74.89659538323488,17067.3502396044,17198.6497603956,5,0.043853473319431,0.0043269926330833,0.0400606970504706,0.0476462495883914,5,0.22927854543803,0.0230624000388125,0.2090634605072872,0.2494936303687728,5,0.0316398327255867,0.0030825228383827,0.0289378823269295,0.0343417831242439,5,0.4254856638067327,0.0171953498976264,0.4104132750696819,0.4405580525437835,5,0.6302109059132207,0.0476708458656544,0.5884255671682177,0.6719962446582237,5
cdc,audit,shared,shared,shared,centralized,not_applicable,xgboost,none,calib_f1_optimal,sex,female,28467.6,45.72526653831555,28427.52003672656,28507.67996327344,5,0.1932365749367738,0.0084791061620554,0.1858043106921908,0.2006688391813568,5,0.5864331021626569,0.017031706309294,0.5715041533551426,0.6013620509701711,5,0.1346949784944731,0.0079124207268712,0.127759435934623,0.1416305210543232,5,0.0383531716019899,0.0045432210259163,0.0343708627900937,0.042335480413886,5,0.0322702639766745,0.0048438083688475,0.0280244787418461,0.0365160492115029,5
cdc,audit,shared,shared,shared,centralized,not_applicable,xgboost,sigmoid,calib_f1_optimal,age_group,40_59,18603.8,190.1964773595978,18437.085437036832,18770.51456296317,5,0.1411644430119321,0.0079702067660379,0.1341782487554849,0.1481506372683793,5,0.50295183536044,0.0209933966705852,0.4845503118430938,0.5213533588777861,5,0.0969175920300184,0.0071822561077169,0.0906220669776605,0.1032131170823763,5,0.3007000147498918,0.0178536955266253,0.2850505606258215,0.3163494688739621,5,0.4479407627885855,0.0297984041644853,0.4218213099141271,0.4740602156630439,5
cdc,audit,shared,shared,shared,centralized,not_applicable,xgboost,sigmoid,calib_f1_optimal,bmi_category,healthy,17133.0,74.89659538323488,17067.3502396044,17198.6497603956,5,0.0420567133005562,0.0057226854318547,0.0370405583538821,0.0470728682472304,5,0.2239099560667792,0.0259983736185935,0.2011213768262592,0.2466985353072993,5,0.0300739557364781,0.0043594746471781,0.0262527077268254,0.0338952037461308,5,0.4215285720844614,0.0191386753928921,0.4047527834467601,0.4383043607221626,5,0.6246720593804777,0.0483676132832522,0.5822759770658543,0.667068141695101,5
cdc,audit,shared,shared,shared,centralized,not_applicable,xgboost,sigmoid,calib_f1_optimal,sex,female,28467.6,45.72526653831555,28427.52003672656,28507.67996327344,5,0.1898832360102864,0.0098941206113014,0.1812106569146213,0.1985558151059516,5,0.5798625285035891,0.0172664084236637,0.5647278542222549,0.5949972027849233,5,0.1318200920820375,0.0093156749497151,0.1236545429640463,0.1399856412000286,5,0.0377668531510958,0.004814793308716,0.0335465007378229,0.0419872055643686,5,0.0315575797470037,0.0049432301116741,0.0272246475122178,0.0358905119817895,5
