run_id,dataset,seed,clients,partition,alpha,run_type,algorithm,model,calibration,threshold_strategy,experiment_track,client_id,decision_threshold,accuracy,precision,recall,specificity,balanced_accuracy,f1,pr_auc,brier,log_loss,ece,selection_rate,roc_auc
cdc_seed42_c3_iid_a0p5_calib_f1_optimal,cdc,42,3,iid,0.5,centralized,not_applicable,xgboost,none,calib_f1_optimal,audit,global,0.65,0.8057395143487859,0.3784137509815897,0.6135238364690904,0.8368562072045251,0.7251900218368077,0.4681057744198597,0.4233748034150617,0.1744768615907173,0.5092939375737142,0.2351207304611751,0.2258948281299274,0.8270076842148985
cdc_seed42_c3_iid_a0p5_calib_f1_optimal,cdc,42,3,iid,0.5,centralized,not_applicable,xgboost,sigmoid,calib_f1_optimal,audit,global,0.25,0.8052467675812046,0.377696590118302,0.6142311500919507,0.8361691895481714,0.7252001698200611,0.467761917586857,0.4233748034150617,0.0975912368801831,0.3159240131301057,0.009934989170669,0.2265846736045411,0.8270076842148985
cdc_seed42_c3_iid_a0p5_calib_f1_optimal,cdc,42,3,iid,0.5,centralized,not_applicable,xgboost,isotonic,calib_f1_optimal,audit,global,0.25,0.8250551876379691,0.4043611728591087,0.5403876078653275,0.8711383882565782,0.7057629980609528,0.4625817389198353,0.4149413421386957,0.0975352211958159,0.3149726776661078,0.0048786852523947,0.1861991485335856,0.826699833439928
cdc_seed42_c3_iid_a0p5_calib_f1_optimal,cdc,42,3,iid,0.5,centralized,not_applicable,gradient_boosting,none,calib_f1_optimal,audit,global,0.25,0.8216650898770104,0.3993694701515305,0.5555241193945395,0.8647491240524882,0.7101366217235139,0.4646787362442314,0.4201977573394045,0.0977091439096844,0.316036741263211,0.0095823246457319,0.1938071586250394,0.8258947379647048
cdc_seed42_c3_iid_a0p5_calib_f1_optimal,cdc,42,3,iid,0.5,centralized,not_applicable,gradient_boosting,sigmoid,calib_f1_optimal,audit,global,0.2,0.823458688111006,0.4019526381387619,0.5474607440939312,0.8681384111571667,0.707799577625549,0.4635563274839792,0.4201977573394045,0.1001473806485448,0.3285371624370353,0.0309981622154202,0.1897666351308735,0.8258947379647048
cdc_seed42_c3_iid_a0p5_calib_f1_optimal,cdc,42,3,iid,0.5,centralized,not_applicable,gradient_boosting,isotonic,calib_f1_optimal,audit,global,0.2491,0.8130518763796909,0.387271369914147,0.5870703069741123,0.8496347356127052,0.7183525212934088,0.4666854090525724,0.4122233972372414,0.09774928750774,0.3156472880882197,0.0048003035683408,0.2112109744560075,0.8256596465288814
cdc_seed42_c3_iid_a0p5_calib_f1_optimal,cdc,42,3,iid,0.5,federated,fedavg,logistic,none,calib_f1_optimal,audit,global,0.196,0.7883948281299274,0.3557548579970104,0.6396944405149243,0.8124670804039664,0.7260807604594454,0.4572295247724974,0.3945064259871003,0.0999516323677455,0.3222171855160313,0.0136918893019184,0.2505321665089877,0.8190381239013715
cdc_seed42_c3_iid_a0p5_calib_f1_optimal,cdc,42,3,iid,0.5,federated,fedavg,logistic,global_sigmoid,calib_f1_optimal,audit,global,0.1463,0.7883948281299274,0.3557775505388185,0.6398359032394964,0.8124441798154213,0.7261400415274588,0.4572843999595592,0.3945064259871003,0.1026872240546167,0.3368866317208905,0.0385259624077108,0.2505715862503942,0.8190381239013715
cdc_seed42_c3_iid_a0p5_calib_f1_optimal,cdc,42,3,iid,0.5,federated,fedavg,logistic,federated_sigmoid,calib_f1_optimal,audit,global,0.15,0.7928492589088616,0.3603603603603603,0.6280944971000142,0.8195204616758651,0.7238074793879397,0.4579680247550283,0.3945064259871003,0.1025843133534014,0.3368125958477602,0.0390703479493032,0.2428453169347209,0.8190381239013715
cdc_seed42_c3_iid_a0p5_calib_f1_optimal,cdc,42,3,iid,0.5,federated,fedavg,logistic,global_isotonic,calib_f1_optimal,audit,global,0.2237,0.7934799747713654,0.3611405295315682,0.6271042580280096,0.820413584629125,0.7237589213285673,0.4583333333333333,0.3884030133620191,0.0993474214631566,0.3200014378503013,0.0045621541353724,0.2419386628823714,0.8188146236815352
cdc_seed42_c3_iid_a0p5_calib_f1_optimal,cdc,42,3,iid,0.5,federated,fedavg,logistic,federated_isotonic,calib_f1_optimal,audit,global,0.25,0.8128744875433617,0.3824071380079527,0.5577875229876927,0.8541690521446401,0.7059782875661664,0.4537399309551208,0.3914010650388615,0.0994331258959945,0.3205517282223546,0.0049571358248895,0.203228476821192,0.8188999817459406
cdc_seed42_c3_iid_a0p5_calib_f1_optimal,cdc,42,3,iid,0.5,federated,fedprox,logistic,none,calib_f1_optimal,audit,global,0.196,0.7883751182592242,0.3557495674060091,0.6398359032394964,0.8124212792268761,0.7261285912331863,0.4572612849416165,0.3945102282421385,0.0999508331666631,0.3222172400422082,0.0137284664044275,0.2505912961210974,0.8190378323392029
cdc_seed42_c3_iid_a0p5_calib_f1_optimal,cdc,42,3,iid,0.5,federated,fedprox,logistic,global_sigmoid,calib_f1_optimal,audit,global,0.1463,0.7883948281299274,0.355800235941801,0.6399773659640685,0.8124212792268761,0.7261993225954724,0.457339264051759,0.3945102282421385,0.1026864995733693,0.3368842130400844,0.0385560469007502,0.2506110059918007,0.8190378323392029
cdc_seed42_c3_iid_a0p5_calib_f1_optimal,cdc,42,3,iid,0.5,federated,fedprox,logistic,federated_sigmoid,calib_f1_optimal,audit,global,0.15,0.7928295490381583,0.3603084415584415,0.627953034375442,0.8195204616758651,0.7237367480256536,0.4578884934756821,0.3945102282421385,0.1025836043507726,0.3368101938344544,0.0390965628293024,0.2428256070640176,0.8190378323392029
cdc_seed42_c3_iid_a0p5_calib_f1_optimal,cdc,42,3,iid,0.5,federated,fedprox,logistic,global_isotonic,calib_f1_optimal,audit,global,0.2234,0.793440555029959,0.3610816974830985,0.6271042580280096,0.8203677834520348,0.7237360207400222,0.4582859505841001,0.3888246846418233,0.0993449742849678,0.3199894661257212,0.0045380102552093,0.2419780826237779,0.8188496111417541
cdc_seed42_c3_iid_a0p5_calib_f1_optimal,cdc,42,3,iid,0.5,federated,fedprox,logistic,federated_isotonic,calib_f1_optimal,audit,global,0.2,0.7971065909807632,0.3643704264446126,0.61281652284623,0.8269402523644858,0.7198783876053578,0.4570102331469564,0.3913410281474983,0.0994316808560554,0.3205393993717929,0.0049359765395542,0.2343306527909177,0.8188992074864041
cdc_seed42_c3_non_iid_a0p5_calib_f1_optimal,cdc,42,3,non_iid,0.5,centralized,not_applicable,xgboost,none,calib_f1_optimal,audit,global,0.65,0.8057395143487859,0.3784137509815897,0.6135238364690904,0.8368562072045251,0.7251900218368077,0.4681057744198597,0.4233748034150617,0.1744768615907173,0.5092939375737142,0.2351207304611751,0.2258948281299274,0.8270076842148985
cdc_seed42_c3_non_iid_a0p5_calib_f1_optimal,cdc,42,3,non_iid,0.5,centralized,not_applicable,xgboost,sigmoid,calib_f1_optimal,audit,global,0.25,0.8052467675812046,0.377696590118302,0.6142311500919507,0.8361691895481714,0.7252001698200611,0.467761917586857,0.4233748034150617,0.0975912368801831,0.3159240131301057,0.009934989170669,0.2265846736045411,0.8270076842148985
cdc_seed42_c3_non_iid_a0p5_calib_f1_optimal,cdc,42,3,non_iid,0.5,centralized,not_applicable,xgboost,isotonic,calib_f1_optimal,audit,global,0.25,0.8250551876379691,0.4043611728591087,0.5403876078653275,0.8711383882565782,0.7057629980609528,0.4625817389198353,0.4149413421386957,0.0975352211958159,0.3149726776661078,0.0048786852523947,0.1861991485335856,0.826699833439928
cdc_seed42_c3_non_iid_a0p5_calib_f1_optimal,cdc,42,3,non_iid,0.5,centralized,not_applicable,gradient_boosting,none,calib_f1_optimal,audit,global,0.25,0.8216650898770104,0.3993694701515305,0.5555241193945395,0.8647491240524882,0.7101366217235139,0.4646787362442314,0.4201977573394045,0.0977091439096844,0.316036741263211,0.0095823246457319,0.1938071586250394,0.8258947379647048
cdc_seed42_c3_non_iid_a0p5_calib_f1_optimal,cdc,42,3,non_iid,0.5,centralized,not_applicable,gradient_boosting,sigmoid,calib_f1_optimal,audit,global,0.2,0.823458688111006,0.4019526381387619,0.5474607440939312,0.8681384111571667,0.707799577625549,0.4635563274839792,0.4201977573394045,0.1001473806485448,0.3285371624370353,0.0309981622154202,0.1897666351308735,0.8258947379647048
cdc_seed42_c3_non_iid_a0p5_calib_f1_optimal,cdc,42,3,non_iid,0.5,centralized,not_applicable,gradient_boosting,isotonic,calib_f1_optimal,audit,global,0.2491,0.8130518763796909,0.387271369914147,0.5870703069741123,0.8496347356127052,0.7183525212934088,0.4666854090525724,0.4122233972372414,0.09774928750774,0.3156472880882197,0.0048003035683408,0.2112109744560075,0.8256596465288814
cdc_seed42_c3_non_iid_a0p5_calib_f1_optimal,cdc,42,3,non_iid,0.5,federated,fedavg,logistic,none,calib_f1_optimal,audit,global,0.2334,0.8133475244402397,0.3828894741976392,0.5552411939453954,0.8551308768635354,0.7051860354044654,0.4532332563510393,0.3943847815809597,0.1000300966208844,0.3223236913957377,0.0141583384759891,0.2020458845789971,0.8190063857395414
cdc_seed42_c3_non_iid_a0p5_calib_f1_optimal,cdc,42,3,non_iid,0.5,federated,fedavg,logistic,global_sigmoid,calib_f1_optimal,audit,global,0.1797,0.8134066540523495,0.3829787234042553,0.5550997312208233,0.8552224792177159,0.7051611052192697,0.453248628356916,0.3943847815809597,0.102783978683022,0.3373221712596256,0.0391945809208779,0.2019473352254809,0.8190063857395414
cdc_seed42_c3_non_iid_a0p5_calib_f1_optimal,cdc,42,3,non_iid,0.5,federated,fedavg,logistic,federated_sigmoid,calib_f1_optimal,audit,global,0.1776,0.8134066540523495,0.3829787234042553,0.5550997312208233,0.8552224792177159,0.7051611052192697,0.453248628356916,0.3943847815809597,0.1027049788703798,0.3373992656435977,0.0399030276643804,0.2019473352254809,0.8190063857395414
cdc_seed42_c3_non_iid_a0p5_calib_f1_optimal,cdc,42,3,non_iid,0.5,federated,fedavg,logistic,global_isotonic,calib_f1_optimal,audit,global,0.2361,0.8133869441816461,0.3829413486874207,0.5550997312208233,0.8551995786291707,0.705149654924997,0.4532224532224532,0.3897843370234902,0.0993659914511865,0.3200447205433578,0.0052735349537331,0.2019670450961841,0.8188044141462685
cdc_seed42_c3_non_iid_a0p5_calib_f1_optimal,cdc,42,3,non_iid,0.5,federated,fedavg,logistic,federated_isotonic,calib_f1_optimal,audit,global,0.258,0.8056212551245664,0.3731261924230035,0.5809874098175131,0.8419859390386333,0.7114866744280732,0.4544146935162647,0.3903634256333002,0.0993529363546577,0.3200881679805521,0.0034806560493773,0.2169465468306528,0.8188785632650852
cdc_seed42_c3_non_iid_a0p5_calib_f1_optimal,cdc,42,3,non_iid,0.5,federated,fedprox,logistic,none,calib_f1_optimal,audit,global,0.2334,0.8133869441816461,0.3829413486874207,0.5550997312208233,0.8551995786291707,0.705149654924997,0.4532224532224532,0.3943824573196431,0.1000314291462721,0.322324835913598,0.0141838314194107,0.2019670450961841,0.8190103283079753
cdc_seed42_c3_non_iid_a0p5_calib_f1_optimal,cdc,42,3,non_iid,0.5,federated,fedprox,logistic,global_sigmoid,calib_f1_optimal,audit,global,0.1796,0.8133475244402397,0.3828894741976392,0.5552411939453954,0.8551308768635354,0.7051860354044654,0.4532332563510393,0.3943824573196431,0.1027849737385694,0.3373260361209383,0.0392116305134662,0.2020458845789971,0.8190103283079753
cdc_seed42_c3_non_iid_a0p5_calib_f1_optimal,cdc,42,3,non_iid,0.5,federated,fedprox,logistic,federated_sigmoid,calib_f1_optimal,audit,global,0.1775,0.8133672343109429,0.3829268292682927,0.5552411939453954,0.8551537774520805,0.705197485698738,0.4532594260638605,0.3943824573196431,0.1027060610161694,0.3374031443834467,0.0399590227753381,0.2020261747082939,0.8190103283079753
cdc_seed42_c3_non_iid_a0p5_calib_f1_optimal,cdc,42,3,non_iid,0.5,federated,fedprox,logistic,global_isotonic,calib_f1_optimal,audit,global,0.2368,0.8033349101229896,0.3710435322280344,0.592021502334135,0.837543224860879,0.714782363597507,0.4561805101373447,0.3899286560595164,0.0993612566211982,0.320037466390714,0.0051799241645264,0.2223076316619363,0.8188448117045027
cdc_seed42_c3_non_iid_a0p5_calib_f1_optimal,cdc,42,3,non_iid,0.5,federated,fedprox,logistic,federated_isotonic,calib_f1_optimal,audit,global,0.257,0.8136037527593819,0.3832616347281971,0.554533880322535,0.8555430874573476,0.7050384838899413,0.4532577903682719,0.3897213790850098,0.0993533935629286,0.3201017512213205,0.0034204360005906,0.2015925575528224,0.818838128451685
cdc_seed42_c5_iid_a0p5_calib_f1_optimal,cdc,42,5,iid,0.5,centralized,not_applicable,xgboost,none,calib_f1_optimal,audit,global,0.65,0.8057395143487859,0.3784137509815897,0.6135238364690904,0.8368562072045251,0.7251900218368077,0.4681057744198597,0.4233748034150617,0.1744768615907173,0.5092939375737142,0.2351207304611751,0.2258948281299274,0.8270076842148985
cdc_seed42_c5_iid_a0p5_calib_f1_optimal,cdc,42,5,iid,0.5,centralized,not_applicable,xgboost,sigmoid,calib_f1_optimal,audit,global,0.25,0.8052467675812046,0.377696590118302,0.6142311500919507,0.8361691895481714,0.7252001698200611,0.467761917586857,0.4233748034150617,0.0975912368801831,0.3159240131301057,0.009934989170669,0.2265846736045411,0.8270076842148985
cdc_seed42_c5_iid_a0p5_calib_f1_optimal,cdc,42,5,iid,0.5,centralized,not_applicable,xgboost,isotonic,calib_f1_optimal,audit,global,0.25,0.8250551876379691,0.4043611728591087,0.5403876078653275,0.8711383882565782,0.7057629980609528,0.4625817389198353,0.4149413421386957,0.0975352211958159,0.3149726776661078,0.0048786852523947,0.1861991485335856,0.826699833439928
cdc_seed42_c5_iid_a0p5_calib_f1_optimal,cdc,42,5,iid,0.5,centralized,not_applicable,gradient_boosting,none,calib_f1_optimal,audit,global,0.25,0.8216650898770104,0.3993694701515305,0.5555241193945395,0.8647491240524882,0.7101366217235139,0.4646787362442314,0.4201977573394045,0.0977091439096844,0.316036741263211,0.0095823246457319,0.1938071586250394,0.8258947379647048
cdc_seed42_c5_iid_a0p5_calib_f1_optimal,cdc,42,5,iid,0.5,centralized,not_applicable,gradient_boosting,sigmoid,calib_f1_optimal,audit,global,0.2,0.823458688111006,0.4019526381387619,0.5474607440939312,0.8681384111571667,0.707799577625549,0.4635563274839792,0.4201977573394045,0.1001473806485448,0.3285371624370353,0.0309981622154202,0.1897666351308735,0.8258947379647048
cdc_seed42_c5_iid_a0p5_calib_f1_optimal,cdc,42,5,iid,0.5,centralized,not_applicable,gradient_boosting,isotonic,calib_f1_optimal,audit,global,0.2491,0.8130518763796909,0.387271369914147,0.5870703069741123,0.8496347356127052,0.7183525212934088,0.4666854090525724,0.4122233972372414,0.09774928750774,0.3156472880882197,0.0048003035683408,0.2112109744560075,0.8256596465288814
cdc_seed42_c5_iid_a0p5_calib_f1_optimal,cdc,42,5,iid,0.5,federated,fedavg,logistic,none,calib_f1_optimal,audit,global,0.2,0.7911147902869757,0.3584890528510706,0.6323383788371764,0.8168181922275403,0.7245782855323584,0.4575698638550517,0.3941640215395945,0.0999308365935487,0.3221439644914246,0.0146532298502746,0.2457623777988016,0.8191791557618501
cdc_seed42_c5_iid_a0p5_calib_f1_optimal,cdc,42,5,iid,0.5,federated,fedavg,logistic,global_sigmoid,calib_f1_optimal,audit,global,0.15,0.7911542100283823,0.3584557348101774,0.631772527938888,0.816955595758811,0.7243640618488496,0.4573945104465383,0.3941640215395945,0.1026809047187222,0.3367992469045531,0.0388880791370416,0.2455652790917691,0.8191791557618501
cdc_seed42_c5_iid_a0p5_calib_f1_optimal,cdc,42,5,iid,0.5,federated,fedavg,logistic,federated_sigmoid,calib_f1_optimal,audit,global,0.15,0.7918440555029959,0.3592616475898759,0.6304993634177394,0.8179632216547965,0.724231292536268,0.4577150192554557,0.3941640215395945,0.102506146535835,0.3367014640308677,0.0399734727239001,0.244520655944497,0.8191791557618501
cdc_seed42_c5_iid_a0p5_calib_f1_optimal,cdc,42,5,iid,0.5,federated,fedavg,logistic,global_isotonic,calib_f1_optimal,audit,global,0.25,0.8132292652160202,0.3827569410618607,0.5558070448436837,0.8549018709780841,0.7053544579108839,0.4533287181262259,0.3872962109754637,0.0993531072836704,0.320103695183078,0.0048811346524048,0.2023218227688426,0.8189306216902693
cdc_seed42_c5_iid_a0p5_calib_f1_optimal,cdc,42,5,iid,0.5,federated,fedavg,logistic,federated_isotonic,calib_f1_optimal,audit,global,0.2868,0.812894197414065,0.3823529411764705,0.5572216720894044,0.8542835550873658,0.7057526135883851,0.4535144781532439,0.3917525723971383,0.0994030314978542,0.3203958400586638,0.0054628882117446,0.2030510879848628,0.8190833743499213
cdc_seed42_c5_iid_a0p5_calib_f1_optimal,cdc,42,5,iid,0.5,federated,fedprox,logistic,none,calib_f1_optimal,audit,global,0.2,0.7910950804162725,0.3584603047313552,0.6323383788371764,0.8167952916389951,0.7245668352380857,0.4575464455703976,0.394165706201843,0.0999309471543167,0.3221443591725828,0.0147198307092449,0.2457820876695048,0.8191795412718285
cdc_seed42_c5_iid_a0p5_calib_f1_optimal,cdc,42,5,iid,0.5,federated,fedprox,logistic,global_sigmoid,calib_f1_optimal,audit,global,0.15,0.7911542100283823,0.3584330095528618,0.631631065214316,0.8169784963473561,0.724304780780836,0.4573389327051111,0.394165706201843,0.1026807543737019,0.3367989578166946,0.0388888951904235,0.2455258593503626,0.8191795412718285
cdc_seed42_c5_iid_a0p5_calib_f1_optimal,cdc,42,5,iid,0.5,federated,fedprox,logistic,federated_sigmoid,calib_f1_optimal,audit,global,0.15,0.7918440555029959,0.3592616475898759,0.6304993634177394,0.8179632216547965,0.724231292536268,0.4577150192554557,0.394165706201843,0.1025060312447899,0.3367011878894261,0.0400015621939484,0.244520655944497,0.8191795412718285
cdc_seed42_c5_iid_a0p5_calib_f1_optimal,cdc,42,5,iid,0.5,federated,fedprox,logistic,global_isotonic,calib_f1_optimal,audit,global,0.25,0.8132095553453169,0.3827196571205922,0.5558070448436837,0.854878970389539,0.7053430076166114,0.4533025670608595,0.3874853731714062,0.0993510713334625,0.3200999142062549,0.0049666265681266,0.2023415326395458,0.8189355490909168
cdc_seed42_c5_iid_a0p5_calib_f1_optimal,cdc,42,5,iid,0.5,federated,fedprox,logistic,federated_isotonic,calib_f1_optimal,audit,global,0.2109,0.790030747398297,0.3576648133439237,0.6370066487480549,0.8148029404355692,0.725904794591812,0.4581107889516252,0.3918384974398339,0.0994015633428638,0.320395474341776,0.0055858534796819,0.2481472721538946,0.819065268339258
cdc_seed42_c5_non_iid_a0p5_calib_f1_optimal,cdc,42,5,non_iid,0.5,centralized,not_applicable,xgboost,none,calib_f1_optimal,audit,global,0.65,0.8057395143487859,0.3784137509815897,0.6135238364690904,0.8368562072045251,0.7251900218368077,0.4681057744198597,0.4233748034150617,0.1744768615907173,0.5092939375737142,0.2351207304611751,0.2258948281299274,0.8270076842148985
cdc_seed42_c5_non_iid_a0p5_calib_f1_optimal,cdc,42,5,non_iid,0.5,centralized,not_applicable,xgboost,sigmoid,calib_f1_optimal,audit,global,0.25,0.8052467675812046,0.377696590118302,0.6142311500919507,0.8361691895481714,0.7252001698200611,0.467761917586857,0.4233748034150617,0.0975912368801831,0.3159240131301057,0.009934989170669,0.2265846736045411,0.8270076842148985
cdc_seed42_c5_non_iid_a0p5_calib_f1_optimal,cdc,42,5,non_iid,0.5,centralized,not_applicable,xgboost,isotonic,calib_f1_optimal,audit,global,0.25,0.8250551876379691,0.4043611728591087,0.5403876078653275,0.8711383882565782,0.7057629980609528,0.4625817389198353,0.4149413421386957,0.0975352211958159,0.3149726776661078,0.0048786852523947,0.1861991485335856,0.826699833439928
cdc_seed42_c5_non_iid_a0p5_calib_f1_optimal,cdc,42,5,non_iid,0.5,centralized,not_applicable,gradient_boosting,none,calib_f1_optimal,audit,global,0.25,0.8216650898770104,0.3993694701515305,0.5555241193945395,0.8647491240524882,0.7101366217235139,0.4646787362442314,0.4201977573394045,0.0977091439096844,0.316036741263211,0.0095823246457319,0.1938071586250394,0.8258947379647048
cdc_seed42_c5_non_iid_a0p5_calib_f1_optimal,cdc,42,5,non_iid,0.5,centralized,not_applicable,gradient_boosting,sigmoid,calib_f1_optimal,audit,global,0.2,0.823458688111006,0.4019526381387619,0.5474607440939312,0.8681384111571667,0.707799577625549,0.4635563274839792,0.4201977573394045,0.1001473806485448,0.3285371624370353,0.0309981622154202,0.1897666351308735,0.8258947379647048
cdc_seed42_c5_non_iid_a0p5_calib_f1_optimal,cdc,42,5,non_iid,0.5,centralized,not_applicable,gradient_boosting,isotonic,calib_f1_optimal,audit,global,0.2491,0.8130518763796909,0.387271369914147,0.5870703069741123,0.8496347356127052,0.7183525212934088,0.4666854090525724,0.4122233972372414,0.09774928750774,0.3156472880882197,0.0048003035683408,0.2112109744560075,0.8256596465288814
cdc_seed42_c5_non_iid_a0p5_calib_f1_optimal,cdc,42,5,non_iid,0.5,federated,fedavg,logistic,none,calib_f1_optimal,audit,global,0.1313,0.7884933774834437,0.3563696266080954,0.6426651577309379,0.8121006709872444,0.7273829143590911,0.4584952313670081,0.3921362484998286,0.1037689686230498,0.3340709470477162,0.0437967503550858,0.2512614317250078,0.8189091400376107
cdc_seed42_c5_non_iid_a0p5_calib_f1_optimal,cdc,42,5,non_iid,0.5,federated,fedavg,logistic,global_sigmoid,calib_f1_optimal,audit,global,0.15,0.7923170923998738,0.3597314350428733,0.6290847361720187,0.8187418416653308,0.7239132889186748,0.4577221964901446,0.3921362484998286,0.103340030865627,0.340355215566592,0.0438065779349973,0.243653421633554,0.8189091400376107
cdc_seed42_c5_non_iid_a0p5_calib_f1_optimal,cdc,42,5,non_iid,0.5,federated,fedavg,logistic,federated_sigmoid,calib_f1_optimal,audit,global,0.15,0.7948005361084831,0.3616492796820665,0.6179091809308247,0.8234364623170816,0.7206728216239531,0.4562594662349193,0.3921362484998286,0.1032733467143804,0.3403620597345745,0.0525321236044802,0.2380558183538316,0.8189091400376107
cdc_seed42_c5_non_iid_a0p5_calib_f1_optimal,cdc,42,5,non_iid,0.5,federated,fedavg,logistic,global_isotonic,calib_f1_optimal,audit,global,0.2213,0.7922185430463576,0.35963139600679,0.6293676616211629,0.8185815375455149,0.7239745995833389,0.457716049382716,0.3875983781513226,0.0994078648389111,0.320225970079774,0.0049155362535097,0.2438308104698833,0.8186470564241444
cdc_seed42_c5_non_iid_a0p5_calib_f1_optimal,cdc,42,5,non_iid,0.5,federated,fedavg,logistic,federated_isotonic,calib_f1_optimal,audit,global,0.2165,0.7893803216650899,0.3572499802667929,0.6402602914132126,0.8135205074770422,0.7268903994451275,0.4586077616779815,0.3891190395738894,0.1007404212466609,0.3231892197608282,0.0191422838146854,0.2497043519394512,0.8188371808746373
cdc_seed42_c5_non_iid_a0p5_calib_f1_optimal,cdc,42,5,non_iid,0.5,federated,fedprox,logistic,none,calib_f1_optimal,audit,global,0.1336,0.7885327972248503,0.3563128140703517,0.6419578441080775,0.8122609751070603,0.727109409607569,0.4582681141125978,0.3922058916385392,0.1034999430187689,0.3331851295741108,0.0424147393904149,0.2510249132765689,0.8189232192507694
cdc_seed42_c5_non_iid_a0p5_calib_f1_optimal,cdc,42,5,non_iid,0.5,federated,fedprox,logistic,global_sigmoid,calib_f1_optimal,audit,global,0.15,0.7922776726584674,0.3597639831878435,0.629650587070307,0.81860443813406,0.7241275126021836,0.4578982562625379,0.3922058916385392,0.103316036130291,0.3401995771638876,0.0434382674320463,0.2438505203405865,0.8189232192507694
cdc_seed42_c5_non_iid_a0p5_calib_f1_optimal,cdc,42,5,non_iid,0.5,federated,fedprox,logistic,federated_sigmoid,calib_f1_optimal,audit,global,0.15,0.7949582150741091,0.3619347357959251,0.6181921063799689,0.8235738658483523,0.7208829861141606,0.4565637569868881,0.3922058916385392,0.1032403810669174,0.3402282833343365,0.0524675344240238,0.2379769788710186,0.8189232192507694
cdc_seed42_c5_non_iid_a0p5_calib_f1_optimal,cdc,42,5,non_iid,0.5,federated,fedprox,logistic,global_isotonic,calib_f1_optimal,audit,global,0.2234,0.7843543046357616,0.3521460210783565,0.652284623001839,0.8057343073716995,0.7290094651867692,0.4573724148192233,0.3876939111117185,0.0994036539431534,0.3202100869102303,0.004617599119125,0.2580810469883317,0.8186771504993019
cdc_seed42_c5_non_iid_a0p5_calib_f1_optimal,cdc,42,5,non_iid,0.5,federated,fedprox,logistic,federated_isotonic,calib_f1_optimal,audit,global,0.2089,0.7879809208451592,0.3556894662701518,0.642948083180082,0.8114594545079808,0.7272037688440314,0.4580037285232025,0.3893331868116771,0.1007322944263283,0.3231635857237571,0.019041101433911,0.2518527278461053,0.8188805766638377
cdc_seed43_c3_iid_a0p5_calib_f1_optimal,cdc,43,3,iid,0.5,centralized,not_applicable,xgboost,none,calib_f1_optimal,audit,global,0.25,0.8164025543992431,0.3935545023696682,0.5873532324232564,0.8534820344882863,0.7204176334557714,0.4713093819172484,0.4323518969989071,0.0964184213186889,0.3105493728748623,0.002427712522016,0.2079391359192683,0.8325591882621555
cdc_seed43_c3_iid_a0p5_calib_f1_optimal,cdc,43,3,iid,0.5,centralized,not_applicable,xgboost,sigmoid,calib_f1_optimal,audit,global,0.1974,0.8204036581520026,0.399862758553083,0.577026453529495,0.859802596926741,0.718414525228118,0.4723798494499131,0.4323518969989071,0.0983496211580769,0.3224375233926509,0.0275125448682709,0.2010603910438347,0.8325591882621555
cdc_seed43_c3_iid_a0p5_calib_f1_optimal,cdc,43,3,iid,0.5,centralized,not_applicable,xgboost,isotonic,calib_f1_optimal,audit,global,0.2119,0.8107064017660044,0.3864552539639881,0.6102701938039327,0.8431538690544347,0.7267120314291837,0.4732338745063624,0.4221786776462516,0.0965260188762019,0.3117461414726792,0.0035297704451246,0.2200212866603595,0.8322685347957565
cdc_seed43_c3_iid_a0p5_calib_f1_optimal,cdc,43,3,iid,0.5,centralized,not_applicable,gradient_boosting,none,calib_f1_optimal,audit,global,0.2436,0.8192604856512141,0.3978609625668449,0.578865468948932,0.858176655140037,0.7185210620444845,0.4715915639045753,0.42939673021171,0.0967336160045844,0.3126518176828296,0.0074658512646003,0.2027160201829076,0.8311314552969611
cdc_seed43_c3_iid_a0p5_calib_f1_optimal,cdc,43,3,iid,0.5,centralized,not_applicable,gradient_boosting,sigmoid,calib_f1_optimal,audit,global,0.1875,0.8192407757805109,0.397822282714369,0.578865468948932,0.858153754551492,0.718509611750212,0.4715643906655142,0.42939673021171,0.0989755896467807,0.324821193292381,0.0308980620658686,0.2027357300536108,0.8311314552969611
cdc_seed43_c3_iid_a0p5_calib_f1_optimal,cdc,43,3,iid,0.5,centralized,not_applicable,gradient_boosting,isotonic,calib_f1_optimal,audit,global,0.25,0.8091493219804478,0.3848458149779735,0.6179091809308247,0.840108090777933,0.7290086358543788,0.4742928497746891,0.4184474173757055,0.0967298865297094,0.312105203787606,0.0030004119408741,0.2237070324818669,0.8306079214078494
cdc_seed43_c3_iid_a0p5_calib_f1_optimal,cdc,43,3,iid,0.5,federated,fedavg,logistic,none,calib_f1_optimal,audit,global,0.1997,0.7887890255439924,0.3574833919499804,0.6470505021926722,0.8117342615705223,0.7293923818815973,0.4605316149818768,0.402767484944547,0.0990181729630829,0.3194947229570015,0.0145071284008562,0.2521877956480605,0.8233206181883808
cdc_seed43_c3_iid_a0p5_calib_f1_optimal,cdc,43,3,iid,0.5,federated,fedavg,logistic,global_sigmoid,calib_f1_optimal,audit,global,0.15,0.7915286975717439,0.3603503184713376,0.6402602914132126,0.8160166716284608,0.7281384815208367,0.4611544143868765,0.402767484944547,0.1016694019302485,0.3335267277457488,0.0385461648487789,0.2475559760327972,0.8233206181883808
cdc_seed43_c3_iid_a0p5_calib_f1_optimal,cdc,43,3,iid,0.5,federated,fedavg,logistic,federated_sigmoid,calib_f1_optimal,audit,global,0.1473,0.7887298959318827,0.3573995936865135,0.6470505021926722,0.811665559804887,0.7293580309987796,0.4604620727840137,0.402767484944547,0.1015217211490877,0.333633589096764,0.040540909923206,0.2522469252601703,0.8233206181883808
cdc_seed43_c3_iid_a0p5_calib_f1_optimal,cdc,43,3,iid,0.5,federated,fedavg,logistic,global_isotonic,calib_f1_optimal,audit,global,0.25,0.7945245979186376,0.3632659713168187,0.6306408261423115,0.8210548011083885,0.72584781362535,0.4609896075694121,0.3958563372759861,0.098560667285049,0.31716295620155,0.0034941098973186,0.2418795332702617,0.8230678289289299
cdc_seed43_c3_iid_a0p5_calib_f1_optimal,cdc,43,3,iid,0.5,federated,fedavg,logistic,federated_isotonic,calib_f1_optimal,audit,global,0.2,0.7929083885209713,0.3618389326474843,0.6368651860234829,0.8181693269517026,0.7275172564875927,0.4614832658500333,0.3981562165739286,0.0986615678867787,0.3174510758262516,0.0044880283760756,0.2452302112898139,0.8232309935975765
cdc_seed43_c3_iid_a0p5_calib_f1_optimal,cdc,43,3,iid,0.5,federated,fedprox,logistic,none,calib_f1_optimal,audit,global,0.2,0.7889269946389151,0.3575676944748787,0.6463431885698119,0.8120090686330639,0.7291761286014379,0.4604222300599587,0.4028195995167213,0.0990168637521654,0.3195076189493144,0.0144245639827994,0.2518527278461053,0.8233170481716067
cdc_seed43_c3_iid_a0p5_calib_f1_optimal,cdc,43,3,iid,0.5,federated,fedprox,logistic,global_sigmoid,calib_f1_optimal,audit,global,0.1472,0.7886904761904762,0.3573214564775746,0.6469090394681002,0.8116426592163418,0.729275849342221,0.4603614033321588,0.4028195995167213,0.1016671180230672,0.3335148535960731,0.0384544767032115,0.2522469252601703,0.8233170481716067
cdc_seed43_c3_iid_a0p5_calib_f1_optimal,cdc,43,3,iid,0.5,federated,fedprox,logistic,federated_sigmoid,calib_f1_optimal,audit,global,0.1474,0.7887101860611795,0.357304776049402,0.646626114018956,0.8117113609819773,0.7291687375004666,0.4602759037357768,0.4028195995167213,0.1015194031602394,0.3336216915672106,0.0403946038874345,0.252148375906654,0.8233170481716067
cdc_seed43_c3_iid_a0p5_calib_f1_optimal,cdc,43,3,iid,0.5,federated,fedprox,logistic,global_isotonic,calib_f1_optimal,audit,global,0.25,0.7944457584358247,0.3631921824104234,0.6309237515914556,0.8209173975771177,0.7259205745842867,0.4610057367305804,0.3960067655425678,0.0985535036922253,0.3171330509653107,0.0032192420244806,0.2420372122358877,0.8231130243046256
cdc_seed43_c3_iid_a0p5_calib_f1_optimal,cdc,43,3,iid,0.5,federated,fedprox,logistic,federated_isotonic,calib_f1_optimal,audit,global,0.2,0.7931646168401135,0.3620842393492792,0.6360164096760503,0.81860443813406,0.7273104239050552,0.4614595093913579,0.3979598670713302,0.0986581597533998,0.3174729786577014,0.0044191747552593,0.2447374645222327,0.8231906381538777
cdc_seed43_c3_non_iid_a0p5_calib_f1_optimal,cdc,43,3,non_iid,0.5,centralized,not_applicable,xgboost,none,calib_f1_optimal,audit,global,0.25,0.8164025543992431,0.3935545023696682,0.5873532324232564,0.8534820344882863,0.7204176334557714,0.4713093819172484,0.4323518969989071,0.0964184213186889,0.3105493728748623,0.002427712522016,0.2079391359192683,0.8325591882621555
cdc_seed43_c3_non_iid_a0p5_calib_f1_optimal,cdc,43,3,non_iid,0.5,centralized,not_applicable,xgboost,sigmoid,calib_f1_optimal,audit,global,0.1974,0.8204036581520026,0.399862758553083,0.577026453529495,0.859802596926741,0.718414525228118,0.4723798494499131,0.4323518969989071,0.0983496211580769,0.3224375233926509,0.0275125448682709,0.2010603910438347,0.8325591882621555
cdc_seed43_c3_non_iid_a0p5_calib_f1_optimal,cdc,43,3,non_iid,0.5,centralized,not_applicable,xgboost,isotonic,calib_f1_optimal,audit,global,0.2119,0.8107064017660044,0.3864552539639881,0.6102701938039327,0.8431538690544347,0.7267120314291837,0.4732338745063624,0.4221786776462516,0.0965260188762019,0.3117461414726792,0.0035297704451246,0.2200212866603595,0.8322685347957565
cdc_seed43_c3_non_iid_a0p5_calib_f1_optimal,cdc,43,3,non_iid,0.5,centralized,not_applicable,gradient_boosting,none,calib_f1_optimal,audit,global,0.2436,0.8192604856512141,0.3978609625668449,0.578865468948932,0.858176655140037,0.7185210620444845,0.4715915639045753,0.42939673021171,0.0967336160045844,0.3126518176828296,0.0074658512646003,0.2027160201829076,0.8311314552969611
cdc_seed43_c3_non_iid_a0p5_calib_f1_optimal,cdc,43,3,non_iid,0.5,centralized,not_applicable,gradient_boosting,sigmoid,calib_f1_optimal,audit,global,0.1875,0.8192407757805109,0.397822282714369,0.578865468948932,0.858153754551492,0.718509611750212,0.4715643906655142,0.42939673021171,0.0989755896467807,0.324821193292381,0.0308980620658686,0.2027357300536108,0.8311314552969611
cdc_seed43_c3_non_iid_a0p5_calib_f1_optimal,cdc,43,3,non_iid,0.5,centralized,not_applicable,gradient_boosting,isotonic,calib_f1_optimal,audit,global,0.25,0.8091493219804478,0.3848458149779735,0.6179091809308247,0.840108090777933,0.7290086358543788,0.4742928497746891,0.4184474173757055,0.0967298865297094,0.312105203787606,0.0030004119408741,0.2237070324818669,0.8306079214078494
cdc_seed43_c3_non_iid_a0p5_calib_f1_optimal,cdc,43,3,non_iid,0.5,federated,fedavg,logistic,none,calib_f1_optimal,audit,global,0.1123,0.7880991800693787,0.3565529063425277,0.6473334276418163,0.8108869397943527,0.7291101837180844,0.4598301763553233,0.402248056492252,0.1052705644848365,0.3398698402970824,0.0561494308724457,0.2529564806054872,0.8228327925659603
cdc_seed43_c3_non_iid_a0p5_calib_f1_optimal,cdc,43,3,non_iid,0.5,federated,fedavg,logistic,global_sigmoid,calib_f1_optimal,audit,global,0.15,0.7971854304635762,0.3656461166263452,0.6200311217994059,0.8258639247028648,0.7229475232511353,0.4600125944584383,0.402248056492252,0.1026613731620844,0.3391383041264232,0.0474411664067983,0.236262220119836,0.8228327925659603
cdc_seed43_c3_non_iid_a0p5_calib_f1_optimal,cdc,43,3,non_iid,0.5,federated,fedavg,logistic,federated_sigmoid,calib_f1_optimal,audit,global,0.1413,0.788118889940082,0.356580690407543,0.6473334276418163,0.8109098403828978,0.7291216340123571,0.4598532810772787,0.402248056492252,0.1065902257553599,0.3506312066977018,0.0710588914982454,0.252936770734784,0.8228327925659603
cdc_seed43_c3_non_iid_a0p5_calib_f1_optimal,cdc,43,3,non_iid,0.5,federated,fedavg,logistic,global_isotonic,calib_f1_optimal,audit,global,0.2298,0.7966532639545885,0.365250580816462,0.6227189135662753,0.8248104976297891,0.7237647055980322,0.4604361696563987,0.394811646388328,0.0986340445372923,0.3175256879341085,0.002481487983672,0.2375433617155471,0.8225105402396562
cdc_seed43_c3_non_iid_a0p5_calib_f1_optimal,cdc,43,3,non_iid,0.5,federated,fedavg,logistic,federated_isotonic,calib_f1_optimal,audit,global,0.1814,0.8004572690003153,0.3689178752252638,0.6081482529353516,0.8315890718391463,0.719868662387249,0.459245807071894,0.3966360474317486,0.1037809424248079,0.3309656383993257,0.035823766869853,0.2296791233049511,0.8225702780884004
cdc_seed43_c3_non_iid_a0p5_calib_f1_optimal,cdc,43,3,non_iid,0.5,federated,fedprox,logistic,none,calib_f1_optimal,audit,global,0.1135,0.7880794701986755,0.3565027663056183,0.6471919649172443,0.8108869397943527,0.7290394523557985,0.4597527886644558,0.4022690936928639,0.1051137875212271,0.3392356171761913,0.0553242687694525,0.252936770734784,0.8228355364899238
cdc_seed43_c3_non_iid_a0p5_calib_f1_optimal,cdc,43,3,non_iid,0.5,federated,fedprox,logistic,global_sigmoid,calib_f1_optimal,audit,global,0.15,0.7970671712393567,0.3655976676384839,0.6208798981468383,0.8255891176403234,0.7232345078935809,0.4602076124567474,0.4022690936928639,0.1026367404103538,0.3390028674023587,0.0471708790501577,0.2366169977924944,0.8228355364899238
cdc_seed43_c3_non_iid_a0p5_calib_f1_optimal,cdc,43,3,non_iid,0.5,federated,fedprox,logistic,federated_sigmoid,calib_f1_optimal,audit,global,0.15,0.8029210028382214,0.3718060903045152,0.6010751167067477,0.8355966748345433,0.7183358957706455,0.4594258528410012,0.4022690936928639,0.1065588061635539,0.3504886419754571,0.0708946176822501,0.2252444023967202,0.8228355364899238
cdc_seed43_c3_non_iid_a0p5_calib_f1_optimal,cdc,43,3,non_iid,0.5,federated,fedprox,logistic,global_isotonic,calib_f1_optimal,audit,global,0.2305,0.799787133396405,0.3683851725607158,0.6115433583250813,0.830260837703529,0.7209020980143052,0.459795788130185,0.3950545247488016,0.0986179839654824,0.3175011089299251,0.0025283383518576,0.2312953327026174,0.822483403900719
cdc_seed43_c3_non_iid_a0p5_calib_f1_optimal,cdc,43,3,non_iid,0.5,federated,fedprox,logistic,federated_isotonic,calib_f1_optimal,audit,global,0.1825,0.8007923368022706,0.3694119669876203,0.6078653274862074,0.8320241830215036,0.7199447552538555,0.4595476177744506,0.3963784684696207,0.1037805164317028,0.3309566942187283,0.0371881140976193,0.2292652160201829,0.8224962115788648
cdc_seed43_c5_iid_a0p5_calib_f1_optimal,cdc,43,5,iid,0.5,centralized,not_applicable,xgboost,none,calib_f1_optimal,audit,global,0.25,0.8164025543992431,0.3935545023696682,0.5873532324232564,0.8534820344882863,0.7204176334557714,0.4713093819172484,0.4323518969989071,0.0964184213186889,0.3105493728748623,0.002427712522016,0.2079391359192683,0.8325591882621555
cdc_seed43_c5_iid_a0p5_calib_f1_optimal,cdc,43,5,iid,0.5,centralized,not_applicable,xgboost,sigmoid,calib_f1_optimal,audit,global,0.1974,0.8204036581520026,0.399862758553083,0.577026453529495,0.859802596926741,0.718414525228118,0.4723798494499131,0.4323518969989071,0.0983496211580769,0.3224375233926509,0.0275125448682709,0.2010603910438347,0.8325591882621555
cdc_seed43_c5_iid_a0p5_calib_f1_optimal,cdc,43,5,iid,0.5,centralized,not_applicable,xgboost,isotonic,calib_f1_optimal,audit,global,0.2119,0.8107064017660044,0.3864552539639881,0.6102701938039327,0.8431538690544347,0.7267120314291837,0.4732338745063624,0.4221786776462516,0.0965260188762019,0.3117461414726792,0.0035297704451246,0.2200212866603595,0.8322685347957565
cdc_seed43_c5_iid_a0p5_calib_f1_optimal,cdc,43,5,iid,0.5,centralized,not_applicable,gradient_boosting,none,calib_f1_optimal,audit,global,0.2436,0.8192604856512141,0.3978609625668449,0.578865468948932,0.858176655140037,0.7185210620444845,0.4715915639045753,0.42939673021171,0.0967336160045844,0.3126518176828296,0.0074658512646003,0.2027160201829076,0.8311314552969611
cdc_seed43_c5_iid_a0p5_calib_f1_optimal,cdc,43,5,iid,0.5,centralized,not_applicable,gradient_boosting,sigmoid,calib_f1_optimal,audit,global,0.1875,0.8192407757805109,0.397822282714369,0.578865468948932,0.858153754551492,0.718509611750212,0.4715643906655142,0.42939673021171,0.0989755896467807,0.324821193292381,0.0308980620658686,0.2027357300536108,0.8311314552969611
cdc_seed43_c5_iid_a0p5_calib_f1_optimal,cdc,43,5,iid,0.5,centralized,not_applicable,gradient_boosting,isotonic,calib_f1_optimal,audit,global,0.25,0.8091493219804478,0.3848458149779735,0.6179091809308247,0.840108090777933,0.7290086358543788,0.4742928497746891,0.4184474173757055,0.0967298865297094,0.312105203787606,0.0030004119408741,0.2237070324818669,0.8306079214078494
cdc_seed43_c5_iid_a0p5_calib_f1_optimal,cdc,43,5,iid,0.5,federated,fedavg,logistic,none,calib_f1_optimal,audit,global,0.2002,0.7883554083885209,0.3569813674280814,0.6477578158155326,0.8111159456798039,0.7294368807476683,0.4602935263369521,0.4032819190125385,0.0989723426344485,0.3195578055627352,0.0147057639459496,0.2528185115105645,0.8234541018282752
cdc_seed43_c5_iid_a0p5_calib_f1_optimal,cdc,43,5,iid,0.5,federated,fedavg,logistic,global_sigmoid,calib_f1_optimal,audit,global,0.15,0.7912724692526018,0.3600445186421814,0.6406846795869289,0.8156502622117389,0.7281674708993339,0.4610138436482084,0.4032819190125385,0.1016046315830378,0.3333574586513043,0.0382468111763305,0.2479304635761589,0.8234541018282752
cdc_seed43_c5_iid_a0p5_calib_f1_optimal,cdc,43,5,iid,0.5,federated,fedavg,logistic,federated_sigmoid,calib_f1_optimal,audit,global,0.15,0.7903658152002523,0.3590230021342186,0.6425236950063659,0.8142991274875764,0.7284114112469711,0.4606490872210953,0.4032819190125385,0.1014142755455562,0.3335523040426445,0.0415336965210385,0.2493495742667928,0.8234541018282752
cdc_seed43_c5_iid_a0p5_calib_f1_optimal,cdc,43,5,iid,0.5,federated,fedavg,logistic,global_isotonic,calib_f1_optimal,audit,global,0.2114,0.7978161463260801,0.3669586983729662,0.622153062667987,0.826253234708132,0.7242031486880595,0.4616353521570274,0.3967344046517973,0.0985298727393647,0.3171368643420106,0.0020130689138244,0.2362228003784295,0.823157344993816
cdc_seed43_c5_iid_a0p5_calib_f1_optimal,cdc,43,5,iid,0.5,federated,fedavg,logistic,federated_isotonic,calib_f1_optimal,audit,global,0.217,0.7835067801955219,0.3520743595556563,0.6590748337812986,0.803650353814093,0.7313625937976957,0.4589695596492956,0.4002836309487175,0.0986335595463105,0.317502391805793,0.0038791214659693,0.2608207190160833,0.8233706016627991
cdc_seed43_c5_iid_a0p5_calib_f1_optimal,cdc,43,5,iid,0.5,federated,fedprox,logistic,none,calib_f1_optimal,audit,global,0.2,0.7898139388205614,0.3585425356102935,0.6445041731503749,0.8133373027686811,0.7289207379595279,0.4607605177993527,0.403159239933361,0.098994126757761,0.3193436464906966,0.0140984461090869,0.2504533270261747,0.8235286542747584
cdc_seed43_c5_iid_a0p5_calib_f1_optimal,cdc,43,5,iid,0.5,federated,fedprox,logistic,global_sigmoid,calib_f1_optimal,audit,global,0.15,0.7918046357615894,0.3605746209098164,0.639128589616636,0.8165204845764537,0.7278245370965448,0.4610439308127966,0.403159239933361,0.1016486272813265,0.3335720044765123,0.0387459511098917,0.2469646799116998,0.8235286542747584
cdc_seed43_c5_iid_a0p5_calib_f1_optimal,cdc,43,5,iid,0.5,federated,fedprox,logistic,federated_sigmoid,calib_f1_optimal,audit,global,0.15,0.7913118889940082,0.3602129180900929,0.6413919932097892,0.8155815604461034,0.7284867768279464,0.4613349613349613,0.403159239933361,0.1014583817933196,0.3337681607445075,0.0417792518294275,0.2480881425417849,0.8235286542747584
cdc_seed43_c5_iid_a0p5_calib_f1_optimal,cdc,43,5,iid,0.5,federated,fedprox,logistic,global_isotonic,calib_f1_optimal,audit,global,0.25,0.799156417533901,0.3683233482406548,0.6174847927571085,0.8285661941511897,0.7230254934541491,0.4614164904862579,0.3953767932461857,0.0985778381774109,0.3171919762013309,0.00263348881586,0.2335816777041942,0.822946582801163
cdc_seed43_c5_iid_a0p5_calib_f1_optimal,cdc,43,5,iid,0.5,federated,fedprox,logistic,federated_isotonic,calib_f1_optimal,audit,global,0.215,0.7759578997161779,0.3458171904146936,0.6818503324374028,0.7911924336455447,0.7365213830414737,0.4588946541628981,0.3995793574399502,0.0986108178007455,0.3173848143393566,0.0038450317748219,0.2747161778618732,0.8233362216237646
cdc_seed43_c5_non_iid_a0p5_calib_f1_optimal,cdc,43,5,non_iid,0.5,centralized,not_applicable,xgboost,none,calib_f1_optimal,audit,global,0.25,0.8164025543992431,0.3935545023696682,0.5873532324232564,0.8534820344882863,0.7204176334557714,0.4713093819172484,0.4323518969989071,0.0964184213186889,0.3105493728748623,0.002427712522016,0.2079391359192683,0.8325591882621555
cdc_seed43_c5_non_iid_a0p5_calib_f1_optimal,cdc,43,5,non_iid,0.5,centralized,not_applicable,xgboost,sigmoid,calib_f1_optimal,audit,global,0.1974,0.8204036581520026,0.399862758553083,0.577026453529495,0.859802596926741,0.718414525228118,0.4723798494499131,0.4323518969989071,0.0983496211580769,0.3224375233926509,0.0275125448682709,0.2010603910438347,0.8325591882621555
cdc_seed43_c5_non_iid_a0p5_calib_f1_optimal,cdc,43,5,non_iid,0.5,centralized,not_applicable,xgboost,isotonic,calib_f1_optimal,audit,global,0.2119,0.8107064017660044,0.3864552539639881,0.6102701938039327,0.8431538690544347,0.7267120314291837,0.4732338745063624,0.4221786776462516,0.0965260188762019,0.3117461414726792,0.0035297704451246,0.2200212866603595,0.8322685347957565
cdc_seed43_c5_non_iid_a0p5_calib_f1_optimal,cdc,43,5,non_iid,0.5,centralized,not_applicable,gradient_boosting,none,calib_f1_optimal,audit,global,0.2436,0.8192604856512141,0.3978609625668449,0.578865468948932,0.858176655140037,0.7185210620444845,0.4715915639045753,0.42939673021171,0.0967336160045844,0.3126518176828296,0.0074658512646003,0.2027160201829076,0.8311314552969611
cdc_seed43_c5_non_iid_a0p5_calib_f1_optimal,cdc,43,5,non_iid,0.5,centralized,not_applicable,gradient_boosting,sigmoid,calib_f1_optimal,audit,global,0.1875,0.8192407757805109,0.397822282714369,0.578865468948932,0.858153754551492,0.718509611750212,0.4715643906655142,0.42939673021171,0.0989755896467807,0.324821193292381,0.0308980620658686,0.2027357300536108,0.8311314552969611
cdc_seed43_c5_non_iid_a0p5_calib_f1_optimal,cdc,43,5,non_iid,0.5,centralized,not_applicable,gradient_boosting,isotonic,calib_f1_optimal,audit,global,0.25,0.8091493219804478,0.3848458149779735,0.6179091809308247,0.840108090777933,0.7290086358543788,0.4742928497746891,0.4184474173757055,0.0967298865297094,0.312105203787606,0.0030004119408741,0.2237070324818669,0.8306079214078494
cdc_seed43_c5_non_iid_a0p5_calib_f1_optimal,cdc,43,5,non_iid,0.5,federated,fedavg,logistic,none,calib_f1_optimal,audit,global,0.15,0.798368022705771,0.3667930889169827,0.6156457773376716,0.8279478782604713,0.7217968277990714,0.4597021231646773,0.4026499252131273,0.1016954030840886,0.3273830268419523,0.0367357484738863,0.2338576158940397,0.8231804448165095
cdc_seed43_c5_non_iid_a0p5_calib_f1_optimal,cdc,43,5,non_iid,0.5,federated,fedavg,logistic,global_sigmoid,calib_f1_optimal,audit,global,0.15,0.7961802270577105,0.3644797879390324,0.6224359881171312,0.8243066846817964,0.7233713363994638,0.4597460947703882,0.4026499252131273,0.1024410119229897,0.3374810562463913,0.0452383292103867,0.2379375591296121,0.8231804448165095
cdc_seed43_c5_non_iid_a0p5_calib_f1_optimal,cdc,43,5,non_iid,0.5,federated,fedavg,logistic,federated_sigmoid,calib_f1_optimal,audit,global,0.1415,0.7880006307158625,0.3563469181017689,0.6469090394681002,0.8108411386172625,0.7288750890426814,0.4595518038388101,0.4026499252131273,0.1045388835769777,0.3476223979628093,0.0649339370778621,0.252936770734784,0.8231804448165095
cdc_seed43_c5_non_iid_a0p5_calib_f1_optimal,cdc,43,5,non_iid,0.5,federated,fedavg,logistic,global_isotonic,calib_f1_optimal,audit,global,0.25,0.7977570167139704,0.3661298439859084,0.6174847927571085,0.8269402523644858,0.7222125225607972,0.4596914327839503,0.3958496655684021,0.0985941352811468,0.3172710839048352,0.0034102809377933,0.2349810785241249,0.8228879690865575
cdc_seed43_c5_non_iid_a0p5_calib_f1_optimal,cdc,43,5,non_iid,0.5,federated,fedavg,logistic,federated_isotonic,calib_f1_optimal,audit,global,0.2003,0.7873699148533586,0.3558191827556796,0.6491724430612533,0.8097419103670964,0.7294571767141749,0.459681458479415,0.398292614247626,0.1007257169450307,0.3240525214931488,0.0281159887108725,0.2541982024597918,0.8229956802505469
cdc_seed43_c5_non_iid_a0p5_calib_f1_optimal,cdc,43,5,non_iid,0.5,federated,fedprox,logistic,none,calib_f1_optimal,audit,global,0.15,0.7977570167139704,0.3661298439859084,0.6174847927571085,0.8269402523644858,0.7222125225607972,0.4596914327839503,0.4026567083179573,0.1016519951456181,0.3272306897196939,0.0363523904375301,0.2349810785241249,0.8231818345961792
cdc_seed43_c5_non_iid_a0p5_calib_f1_optimal,cdc,43,5,non_iid,0.5,federated,fedprox,logistic,global_sigmoid,calib_f1_optimal,audit,global,0.15,0.7961605171870072,0.3645617810146487,0.6231433017399916,0.8241692811505256,0.7236562914452586,0.4600041771094402,0.4026567083179573,0.1024290105495481,0.3374168410125351,0.0452833740253374,0.2381543677073478,0.8231818345961792
cdc_seed43_c5_non_iid_a0p5_calib_f1_optimal,cdc,43,5,non_iid,0.5,federated,fedprox,logistic,federated_sigmoid,calib_f1_optimal,audit,global,0.1416,0.788118889940082,0.3564912280701754,0.646767576743528,0.8110014427370783,0.7288845097403032,0.4596360711772393,0.4026567083179573,0.1045224927371085,0.3475512811475985,0.0648860578805918,0.2527790917691579,0.8231818345961792
cdc_seed43_c5_non_iid_a0p5_calib_f1_optimal,cdc,43,5,non_iid,0.5,federated,fedprox,logistic,global_isotonic,calib_f1_optimal,audit,global,0.25,0.7975599180069379,0.3658904339085274,0.6179091809308247,0.8266425447133992,0.722275862822112,0.45962013994844,0.3959483627690948,0.098589456448558,0.3172730938542742,0.003460798826352,0.2352964364553768,0.8228825589885421
cdc_seed43_c5_non_iid_a0p5_calib_f1_optimal,cdc,43,5,non_iid,0.5,federated,fedprox,logistic,federated_isotonic,calib_f1_optimal,audit,global,0.2005,0.7975796278776411,0.3659210856999246,0.6179091809308247,0.8266654453019443,0.7222873131163845,0.4596443228454172,0.3982714121523174,0.1007238540609284,0.3240409764831159,0.0282220432657901,0.2352767265846736,0.8229731538334515
cdc_seed44_c3_iid_a0p5_calib_f1_optimal,cdc,44,3,iid,0.5,centralized,not_applicable,xgboost,none,calib_f1_optimal,audit,global,0.25,0.8133869441816461,0.3884497349576862,0.5908898005375584,0.849405729727254,0.7201477651324062,0.4687464930984177,0.4310256083284126,0.0968488745157939,0.3123550304978911,0.0029035762318042,0.2119402396720277,0.8294105824879863
cdc_seed44_c3_iid_a0p5_calib_f1_optimal,cdc,44,3,iid,0.5,centralized,not_applicable,xgboost,sigmoid,calib_f1_optimal,audit,global,0.198,0.8172894985808893,0.3938048827559587,0.5773093789786391,0.856138502759521,0.71672394086908,0.4682193666819642,0.4310256083284126,0.098597567546234,0.3236435623270874,0.0259151591641185,0.2042533900977609,0.8294105824879863
cdc_seed44_c3_iid_a0p5_calib_f1_optimal,cdc,44,3,iid,0.5,centralized,not_applicable,xgboost,isotonic,calib_f1_optimal,audit,global,0.25,0.8115933459476505,0.3862598209391558,0.5981043994907342,0.8461538461538461,0.7221291228222901,0.4693866222592284,0.4216622543498428,0.0969360862855505,0.3127874751192172,0.0041081950657849,0.2157442447177546,0.829257899479297
cdc_seed44_c3_iid_a0p5_calib_f1_optimal,cdc,44,3,iid,0.5,centralized,not_applicable,gradient_boosting,none,calib_f1_optimal,audit,global,0.2455,0.8165602333648692,0.3918213457076566,0.573348422690621,0.8559323974626147,0.7146404100766179,0.4655142709469936,0.4284863307920241,0.0970619327571707,0.3141391176412414,0.0052027820888038,0.2038789025543992,0.8281899137352744
cdc_seed44_c3_iid_a0p5_calib_f1_optimal,cdc,44,3,iid,0.5,centralized,not_applicable,gradient_boosting,sigmoid,calib_f1_optimal,audit,global,0.15,0.7916469567959634,0.3627527825678006,0.6546894893195643,0.8138182151281288,0.7342538522238465,0.4668381499974782,0.4284863307920241,0.0990149300816283,0.3256314137669034,0.0275897067002641,0.2514585304320403,0.8281899137352744
cdc_seed44_c3_iid_a0p5_calib_f1_optimal,cdc,44,3,iid,0.5,centralized,not_applicable,gradient_boosting,isotonic,calib_f1_optimal,audit,global,0.2,0.7945837275307474,0.3658263305322128,0.646626114018956,0.8185357363684247,0.7325809251936903,0.4672868534042118,0.4187228740259659,0.0971013205455572,0.3143831636241837,0.0027491111945875,0.2462748344370861,0.8280240974706843
cdc_seed44_c3_iid_a0p5_calib_f1_optimal,cdc,44,3,iid,0.5,federated,fedavg,logistic,none,calib_f1_optimal,audit,global,0.2422,0.8144512771996215,0.3860654941210766,0.562031404724855,0.8553140815718964,0.7086727431483757,0.4577188940092166,0.40522946199765,0.0989235093559254,0.3200879332671349,0.0103607653077471,0.2028342794071271,0.8219143377196281
cdc_seed44_c3_iid_a0p5_calib_f1_optimal,cdc,44,3,iid,0.5,federated,fedavg,logistic,global_sigmoid,calib_f1_optimal,audit,global,0.1847,0.8144118574582151,0.3860347674079829,0.5623143301739991,0.8552224792177159,0.7087684046958576,0.4577910860301739,0.40522946199765,0.101296420970833,0.3328126688152797,0.0329605341760383,0.2029525386313465,0.8219143377196281
cdc_seed44_c3_iid_a0p5_calib_f1_optimal,cdc,44,3,iid,0.5,federated,fedavg,logistic,federated_sigmoid,calib_f1_optimal,audit,global,0.1845,0.8143921475875118,0.3859972810254418,0.5623143301739991,0.8551995786291707,0.7087569544015849,0.4577647262048713,0.40522946199765,0.1011270409247626,0.3328620551804981,0.0351418940039745,0.2029722485020498,0.8219143377196281
cdc_seed44_c3_iid_a0p5_calib_f1_optimal,cdc,44,3,iid,0.5,federated,fedavg,logistic,global_isotonic,calib_f1_optimal,audit,global,0.25,0.8138796909492274,0.3851586687306501,0.5631631065214316,0.8544667597957267,0.7088149331585791,0.457454754380925,0.3975952648872023,0.0986392766745976,0.3176762036557125,0.0027040629983789,0.2037212235887732,0.8216883543619902
cdc_seed44_c3_iid_a0p5_calib_f1_optimal,cdc,44,3,iid,0.5,federated,fedavg,logistic,federated_isotonic,calib_f1_optimal,audit,global,0.25,0.8087748344370861,0.3779323133982383,0.5766020653557787,0.8463599514507523,0.7114810084032654,0.4565923602554049,0.4020912573461969,0.0987105108181913,0.3176684507402925,0.0040410513731299,0.2125709555345317,0.8218542791524985
cdc_seed44_c3_iid_a0p5_calib_f1_optimal,cdc,44,3,iid,0.5,federated,fedprox,logistic,none,calib_f1_optimal,audit,global,0.2422,0.8143724377168086,0.3859154929577464,0.562031404724855,0.8552224792177159,0.7086269419712854,0.4576134531214006,0.4052418138394983,0.0989224051987969,0.320097179177969,0.010453777884197,0.20291311888994,0.8219133528874145
cdc_seed44_c3_iid_a0p5_calib_f1_optimal,cdc,44,3,iid,0.5,federated,fedprox,logistic,global_sigmoid,calib_f1_optimal,audit,global,0.1847,0.8143527278461054,0.3859001747912216,0.5621728674494271,0.8551766780406257,0.7086747727450264,0.4576495652674612,0.4052418138394983,0.1012939268229266,0.332802770221911,0.0329424886520606,0.2029722485020498,0.8219133528874145
cdc_seed44_c3_iid_a0p5_calib_f1_optimal,cdc,44,3,iid,0.5,federated,fedprox,logistic,federated_sigmoid,calib_f1_optimal,audit,global,0.1845,0.8143527278461054,0.3859001747912216,0.5621728674494271,0.8551766780406257,0.7086747727450264,0.4576495652674612,0.4052418138394983,0.1011245516506644,0.332852315716677,0.0350726812551696,0.2029722485020498,0.8219133528874145
cdc_seed44_c3_iid_a0p5_calib_f1_optimal,cdc,44,3,iid,0.5,federated,fedprox,logistic,global_isotonic,calib_f1_optimal,audit,global,0.25,0.8140767896562598,0.3854429152936615,0.5625972556231433,0.8547873680353585,0.708692311829251,0.4574682233852878,0.397608110635864,0.0986505112355365,0.3177085196300839,0.0025453206217565,0.2033664459161148,0.8216208285637677
cdc_seed44_c3_iid_a0p5_calib_f1_optimal,cdc,44,3,iid,0.5,federated,fedprox,logistic,federated_isotonic,calib_f1_optimal,audit,global,0.25,0.8087945443077893,0.3779447226859581,0.5764606026312067,0.8464057526278426,0.7114331776295246,0.4565570556271357,0.4019190030523543,0.0987135793015251,0.3176784968069454,0.0040197656491355,0.2125118259224219,0.8218199865821146
cdc_seed44_c3_non_iid_a0p5_calib_f1_optimal,cdc,44,3,non_iid,0.5,centralized,not_applicable,xgboost,none,calib_f1_optimal,audit,global,0.25,0.8133869441816461,0.3884497349576862,0.5908898005375584,0.849405729727254,0.7201477651324062,0.4687464930984177,0.4310256083284126,0.0968488745157939,0.3123550304978911,0.0029035762318042,0.2119402396720277,0.8294105824879863
cdc_seed44_c3_non_iid_a0p5_calib_f1_optimal,cdc,44,3,non_iid,0.5,centralized,not_applicable,xgboost,sigmoid,calib_f1_optimal,audit,global,0.198,0.8172894985808893,0.3938048827559587,0.5773093789786391,0.856138502759521,0.71672394086908,0.4682193666819642,0.4310256083284126,0.098597567546234,0.3236435623270874,0.0259151591641185,0.2042533900977609,0.8294105824879863
cdc_seed44_c3_non_iid_a0p5_calib_f1_optimal,cdc,44,3,non_iid,0.5,centralized,not_applicable,xgboost,isotonic,calib_f1_optimal,audit,global,0.25,0.8115933459476505,0.3862598209391558,0.5981043994907342,0.8461538461538461,0.7221291228222901,0.4693866222592284,0.4216622543498428,0.0969360862855505,0.3127874751192172,0.0041081950657849,0.2157442447177546,0.829257899479297
cdc_seed44_c3_non_iid_a0p5_calib_f1_optimal,cdc,44,3,non_iid,0.5,centralized,not_applicable,gradient_boosting,none,calib_f1_optimal,audit,global,0.2455,0.8165602333648692,0.3918213457076566,0.573348422690621,0.8559323974626147,0.7146404100766179,0.4655142709469936,0.4284863307920241,0.0970619327571707,0.3141391176412414,0.0052027820888038,0.2038789025543992,0.8281899137352744
cdc_seed44_c3_non_iid_a0p5_calib_f1_optimal,cdc,44,3,non_iid,0.5,centralized,not_applicable,gradient_boosting,sigmoid,calib_f1_optimal,audit,global,0.15,0.7916469567959634,0.3627527825678006,0.6546894893195643,0.8138182151281288,0.7342538522238465,0.4668381499974782,0.4284863307920241,0.0990149300816283,0.3256314137669034,0.0275897067002641,0.2514585304320403,0.8281899137352744
cdc_seed44_c3_non_iid_a0p5_calib_f1_optimal,cdc,44,3,non_iid,0.5,centralized,not_applicable,gradient_boosting,isotonic,calib_f1_optimal,audit,global,0.2,0.7945837275307474,0.3658263305322128,0.646626114018956,0.8185357363684247,0.7325809251936903,0.4672868534042118,0.4187228740259659,0.0971013205455572,0.3143831636241837,0.0027491111945875,0.2462748344370861,0.8280240974706843
cdc_seed44_c3_non_iid_a0p5_calib_f1_optimal,cdc,44,3,non_iid,0.5,federated,fedavg,logistic,none,calib_f1_optimal,audit,global,0.2412,0.8136234626300851,0.3842273741391017,0.5603338520299901,0.8546270639155427,0.7074804579727664,0.4558637357578547,0.4046856691125847,0.0989787852705346,0.3198851597100015,0.0100913536676554,0.2031890570797855,0.8218338244465891
cdc_seed44_c3_non_iid_a0p5_calib_f1_optimal,cdc,44,3,non_iid,0.5,federated,fedavg,logistic,global_sigmoid,calib_f1_optimal,audit,global,0.1836,0.8136234626300851,0.38418243571082,0.560050926580846,0.8546728650926328,0.7073618958367394,0.4557384597674686,0.4046856691125847,0.1013779213665198,0.3331832338367556,0.0332646639952067,0.2031102175969725,0.8218338244465891
cdc_seed44_c3_non_iid_a0p5_calib_f1_optimal,cdc,44,3,non_iid,0.5,federated,fedavg,logistic,federated_sigmoid,calib_f1_optimal,audit,global,0.1821,0.8135840428886787,0.3841528464746387,0.5603338520299901,0.8545812627384524,0.7074575573842212,0.4558112773302646,0.4046856691125847,0.1009358710595271,0.3330022108949438,0.0378955440919755,0.203228476821192,0.8218338244465891
cdc_seed44_c3_non_iid_a0p5_calib_f1_optimal,cdc,44,3,non_iid,0.5,federated,fedavg,logistic,global_isotonic,calib_f1_optimal,audit,global,0.25,0.8102136549984232,0.3799249530956848,0.5729240345169048,0.8486271097167197,0.7107755721168123,0.4568785605505104,0.3986872731602366,0.0986531665735845,0.3176777728121124,0.0026023535827809,0.2101072216966256,0.8217159701587158
cdc_seed44_c3_non_iid_a0p5_calib_f1_optimal,cdc,44,3,non_iid,0.5,federated,fedavg,logistic,federated_isotonic,calib_f1_optimal,audit,global,0.2555,0.8040050457269,0.3720060546701095,0.5910312632621304,0.8384821489912291,0.7147567061266797,0.4566120218579235,0.3996928512647427,0.0987987616814781,0.318035974973809,0.0070534845630659,0.2213615578681803,0.8216265804374361
cdc_seed44_c3_non_iid_a0p5_calib_f1_optimal,cdc,44,3,non_iid,0.5,federated,fedprox,logistic,none,calib_f1_optimal,audit,global,0.2413,0.8136431725007884,0.3842870999030068,0.5604753147545621,0.8546270639155427,0.7075511893350523,0.4559525864549169,0.4047126652019491,0.0989753113196987,0.3198949727337749,0.0102414294131652,0.2032087669504888,0.8218356936840472
cdc_seed44_c3_non_iid_a0p5_calib_f1_optimal,cdc,44,3,non_iid,0.5,federated,fedprox,logistic,global_sigmoid,calib_f1_optimal,audit,global,0.1836,0.8136431725007884,0.3842870999030068,0.5604753147545621,0.8546270639155427,0.7075511893350523,0.4559525864549169,0.4047126652019491,0.1013727925724098,0.3331634923633464,0.0332067491519692,0.2032087669504888,0.8218356936840472
cdc_seed44_c3_non_iid_a0p5_calib_f1_optimal,cdc,44,3,non_iid,0.5,federated,fedprox,logistic,federated_sigmoid,calib_f1_optimal,audit,global,0.1822,0.8136234626300851,0.3842273741391017,0.5603338520299901,0.8546270639155427,0.7074804579727664,0.4558637357578547,0.4047126652019491,0.1009310775925282,0.3329831779665358,0.0378696012307838,0.2031890570797855,0.8218356936840472
cdc_seed44_c3_non_iid_a0p5_calib_f1_optimal,cdc,44,3,non_iid,0.5,federated,fedprox,logistic,global_isotonic,calib_f1_optimal,audit,global,0.25,0.809878587196468,0.3794103883949462,0.5734898854151931,0.848146197357272,0.7108180413862326,0.4566858172806128,0.3974419550661414,0.0986641352927661,0.3176928486332449,0.0025747514283416,0.2105999684642068,0.8216665503711564
cdc_seed44_c3_non_iid_a0p5_calib_f1_optimal,cdc,44,3,non_iid,0.5,federated,fedprox,logistic,federated_isotonic,calib_f1_optimal,audit,global,0.25,0.801856669820246,0.3698534542916957,0.5998019521855991,0.8345661483500126,0.7171840502678059,0.4575621863702585,0.3993227660536459,0.0988091307361195,0.318063380000016,0.007234742427683,0.2259539577420372,0.8215840933503276
cdc_seed44_c5_iid_a0p5_calib_f1_optimal,cdc,44,5,iid,0.5,centralized,not_applicable,xgboost,none,calib_f1_optimal,audit,global,0.25,0.8133869441816461,0.3884497349576862,0.5908898005375584,0.849405729727254,0.7201477651324062,0.4687464930984177,0.4310256083284126,0.0968488745157939,0.3123550304978911,0.0029035762318042,0.2119402396720277,0.8294105824879863
cdc_seed44_c5_iid_a0p5_calib_f1_optimal,cdc,44,5,iid,0.5,centralized,not_applicable,xgboost,sigmoid,calib_f1_optimal,audit,global,0.198,0.8172894985808893,0.3938048827559587,0.5773093789786391,0.856138502759521,0.71672394086908,0.4682193666819642,0.4310256083284126,0.098597567546234,0.3236435623270874,0.0259151591641185,0.2042533900977609,0.8294105824879863
cdc_seed44_c5_iid_a0p5_calib_f1_optimal,cdc,44,5,iid,0.5,centralized,not_applicable,xgboost,isotonic,calib_f1_optimal,audit,global,0.25,0.8115933459476505,0.3862598209391558,0.5981043994907342,0.8461538461538461,0.7221291228222901,0.4693866222592284,0.4216622543498428,0.0969360862855505,0.3127874751192172,0.0041081950657849,0.2157442447177546,0.829257899479297
cdc_seed44_c5_iid_a0p5_calib_f1_optimal,cdc,44,5,iid,0.5,centralized,not_applicable,gradient_boosting,none,calib_f1_optimal,audit,global,0.2455,0.8165602333648692,0.3918213457076566,0.573348422690621,0.8559323974626147,0.7146404100766179,0.4655142709469936,0.4284863307920241,0.0970619327571707,0.3141391176412414,0.0052027820888038,0.2038789025543992,0.8281899137352744
cdc_seed44_c5_iid_a0p5_calib_f1_optimal,cdc,44,5,iid,0.5,centralized,not_applicable,gradient_boosting,sigmoid,calib_f1_optimal,audit,global,0.15,0.7916469567959634,0.3627527825678006,0.6546894893195643,0.8138182151281288,0.7342538522238465,0.4668381499974782,0.4284863307920241,0.0990149300816283,0.3256314137669034,0.0275897067002641,0.2514585304320403,0.8281899137352744
cdc_seed44_c5_iid_a0p5_calib_f1_optimal,cdc,44,5,iid,0.5,centralized,not_applicable,gradient_boosting,isotonic,calib_f1_optimal,audit,global,0.2,0.7945837275307474,0.3658263305322128,0.646626114018956,0.8185357363684247,0.7325809251936903,0.4672868534042118,0.4187228740259659,0.0971013205455572,0.3143831636241837,0.0027491111945875,0.2462748344370861,0.8280240974706843
cdc_seed44_c5_iid_a0p5_calib_f1_optimal,cdc,44,5,iid,0.5,federated,fedavg,logistic,none,calib_f1_optimal,audit,global,0.2431,0.8141753390097761,0.3857405792889664,0.5633045692460037,0.8547873680353585,0.7090459686406811,0.4579116835326587,0.4053595897995082,0.0989076204634797,0.3204462791089032,0.0110387392128316,0.203464995269631,0.8218858780124036
cdc_seed44_c5_iid_a0p5_calib_f1_optimal,cdc,44,5,iid,0.5,federated,fedavg,logistic,global_sigmoid,calib_f1_optimal,audit,global,0.1854,0.8142541784925891,0.3858901056303905,0.5633045692460037,0.854878970389539,0.7090917698177713,0.4580170232344145,0.4053595897995082,0.101228816798524,0.332476537205094,0.0329687818767192,0.203386155786818,0.8218858780124036
cdc_seed44_c5_iid_a0p5_calib_f1_optimal,cdc,44,5,iid,0.5,federated,fedavg,logistic,federated_sigmoid,calib_f1_optimal,audit,global,0.1851,0.8143133081046988,0.3859359844810863,0.5628801810722874,0.8550163739208098,0.7089482774965485,0.4579089705966971,0.4053595897995082,0.1010302222675277,0.3325702756166917,0.0358297562181294,0.2032087669504888,0.8218858780124036
cdc_seed44_c5_iid_a0p5_calib_f1_optimal,cdc,44,5,iid,0.5,federated,fedavg,logistic,global_isotonic,calib_f1_optimal,audit,global,0.25,0.814490696941028,0.3862289987374963,0.5625972556231433,0.8552682803948062,0.7089327680089748,0.4580214211677991,0.3956433138952647,0.0986712599120775,0.3177286767404725,0.003077250148821,0.2029525386313465,0.8214994188372284
cdc_seed44_c5_iid_a0p5_calib_f1_optimal,cdc,44,5,iid,0.5,federated,fedavg,logistic,federated_isotonic,calib_f1_optimal,audit,global,0.25,0.8049708293913592,0.3735004476275738,0.590182486914698,0.839741681361211,0.7149620841379545,0.4574812215581995,0.4022314761033319,0.0986983916398873,0.3178026067883709,0.0055523379249392,0.2201592557552822,0.8218384862017053
cdc_seed44_c5_iid_a0p5_calib_f1_optimal,cdc,44,5,iid,0.5,federated,fedprox,logistic,none,calib_f1_optimal,audit,global,0.2432,0.8141950488804793,0.3857558139534883,0.5631631065214316,0.8548331692124488,0.7089981378669402,0.4578756685260797,0.4053765079622661,0.0989073609296393,0.3204656911338193,0.0110745405038379,0.2034058656575212,0.8218836524211842
cdc_seed44_c5_iid_a0p5_calib_f1_optimal,cdc,44,5,iid,0.5,federated,fedprox,logistic,global_sigmoid,calib_f1_optimal,audit,global,0.1854,0.8141753390097761,0.3857627118644068,0.5634460319705757,0.8547644674468133,0.7091052497086945,0.4579740140278256,0.4053765079622661,0.1012259886550095,0.3324645028231963,0.0329748840216183,0.2035044150110375,0.8218836524211842
cdc_seed44_c5_iid_a0p5_calib_f1_optimal,cdc,44,5,iid,0.5,federated,fedprox,logistic,federated_sigmoid,calib_f1_optimal,audit,global,0.1851,0.8142147587511825,0.385771057477949,0.5630216437968595,0.854878970389539,0.7089503070931993,0.4578396410905326,0.4053765079622661,0.1010273414247623,0.3325585892841898,0.0358205848377815,0.2033467360454115,0.8218836524211842
cdc_seed44_c5_iid_a0p5_calib_f1_optimal,cdc,44,5,iid,0.5,federated,fedprox,logistic,global_isotonic,calib_f1_optimal,audit,global,0.25,0.8144709870703248,0.3861914934938823,0.5625972556231433,0.855245379806261,0.7089213177147022,0.4579950480796914,0.3967215227447469,0.0986652230790734,0.3177199350587519,0.0028282311015472,0.2029722485020498,0.8214202678074324
cdc_seed44_c5_iid_a0p5_calib_f1_optimal,cdc,44,5,iid,0.5,federated,fedprox,logistic,federated_isotonic,calib_f1_optimal,audit,global,0.2748,0.8103122043519394,0.3800807284333051,0.5727825717923327,0.8487645132479905,0.7107735425201616,0.456946168603995,0.4021819319426706,0.0986949908942607,0.3177990733498435,0.0052926242324146,0.2099692526017029,0.8218433909252952
cdc_seed44_c5_non_iid_a0p5_calib_f1_optimal,cdc,44,5,non_iid,0.5,centralized,not_applicable,xgboost,none,calib_f1_optimal,audit,global,0.25,0.8133869441816461,0.3884497349576862,0.5908898005375584,0.849405729727254,0.7201477651324062,0.4687464930984177,0.4310256083284126,0.0968488745157939,0.3123550304978911,0.0029035762318042,0.2119402396720277,0.8294105824879863
cdc_seed44_c5_non_iid_a0p5_calib_f1_optimal,cdc,44,5,non_iid,0.5,centralized,not_applicable,xgboost,sigmoid,calib_f1_optimal,audit,global,0.198,0.8172894985808893,0.3938048827559587,0.5773093789786391,0.856138502759521,0.71672394086908,0.4682193666819642,0.4310256083284126,0.098597567546234,0.3236435623270874,0.0259151591641185,0.2042533900977609,0.8294105824879863
cdc_seed44_c5_non_iid_a0p5_calib_f1_optimal,cdc,44,5,non_iid,0.5,centralized,not_applicable,xgboost,isotonic,calib_f1_optimal,audit,global,0.25,0.8115933459476505,0.3862598209391558,0.5981043994907342,0.8461538461538461,0.7221291228222901,0.4693866222592284,0.4216622543498428,0.0969360862855505,0.3127874751192172,0.0041081950657849,0.2157442447177546,0.829257899479297
cdc_seed44_c5_non_iid_a0p5_calib_f1_optimal,cdc,44,5,non_iid,0.5,centralized,not_applicable,gradient_boosting,none,calib_f1_optimal,audit,global,0.2455,0.8165602333648692,0.3918213457076566,0.573348422690621,0.8559323974626147,0.7146404100766179,0.4655142709469936,0.4284863307920241,0.0970619327571707,0.3141391176412414,0.0052027820888038,0.2038789025543992,0.8281899137352744
cdc_seed44_c5_non_iid_a0p5_calib_f1_optimal,cdc,44,5,non_iid,0.5,centralized,not_applicable,gradient_boosting,sigmoid,calib_f1_optimal,audit,global,0.15,0.7916469567959634,0.3627527825678006,0.6546894893195643,0.8138182151281288,0.7342538522238465,0.4668381499974782,0.4284863307920241,0.0990149300816283,0.3256314137669034,0.0275897067002641,0.2514585304320403,0.8281899137352744
cdc_seed44_c5_non_iid_a0p5_calib_f1_optimal,cdc,44,5,non_iid,0.5,centralized,not_applicable,gradient_boosting,isotonic,calib_f1_optimal,audit,global,0.2,0.7945837275307474,0.3658263305322128,0.646626114018956,0.8185357363684247,0.7325809251936903,0.4672868534042118,0.4187228740259659,0.0971013205455572,0.3143831636241837,0.0027491111945875,0.2462748344370861,0.8280240974706843
cdc_seed44_c5_non_iid_a0p5_calib_f1_optimal,cdc,44,5,non_iid,0.5,federated,fedavg,logistic,none,calib_f1_optimal,audit,global,0.2397,0.8140570797855566,0.3854055625545111,0.5625972556231433,0.8547644674468133,0.7086808615349783,0.4574419139636531,0.4050880834717486,0.0989283881676881,0.3201326597639786,0.0114130940656607,0.203386155786818,0.8217680512609573
cdc_seed44_c5_non_iid_a0p5_calib_f1_optimal,cdc,44,5,non_iid,0.5,federated,fedavg,logistic,global_sigmoid,calib_f1_optimal,audit,global,0.1842,0.8140570797855566,0.385427768627071,0.5627387183477154,0.8547415668582683,0.7087401426029918,0.4575043128234617,0.4050880834717486,0.1013236091198896,0.33287701067291,0.033163997430611,0.2034255755282245,0.8217680512609573
cdc_seed44_c5_non_iid_a0p5_calib_f1_optimal,cdc,44,5,non_iid,0.5,federated,fedavg,logistic,federated_sigmoid,calib_f1_optimal,audit,global,0.1829,0.8140570797855566,0.3854499660951274,0.5628801810722874,0.8547186662697231,0.7087994236710053,0.4575666973321067,0.4050880834717486,0.100885801173065,0.3324697552493453,0.0365335264963607,0.203464995269631,0.8217680512609573
cdc_seed44_c5_non_iid_a0p5_calib_f1_optimal,cdc,44,5,non_iid,0.5,federated,fedavg,logistic,global_isotonic,calib_f1_optimal,audit,global,0.25,0.8142147587511825,0.385593631686244,0.561889942000283,0.8550621750979001,0.7084760585490915,0.4573402417962003,0.3976704099757249,0.0986746845346256,0.3176941766143564,0.0027855488874475,0.2030313781141595,0.8215661088239012
cdc_seed44_c5_non_iid_a0p5_calib_f1_optimal,cdc,44,5,non_iid,0.5,federated,fedavg,logistic,federated_isotonic,calib_f1_optimal,audit,global,0.25,0.8071389151687165,0.3759817351598173,0.5824020370632338,0.8435202784711567,0.7129611577671953,0.4569620955657916,0.4002720270158268,0.098781597817947,0.3179351376089319,0.0044146263110095,0.2158230842005676,0.8216063055281972
cdc_seed44_c5_non_iid_a0p5_calib_f1_optimal,cdc,44,5,non_iid,0.5,federated,fedprox,logistic,none,calib_f1_optimal,audit,global,0.2398,0.8141162093976664,0.3855398333010273,0.5627387183477154,0.8548102686239036,0.7087744934858096,0.457583251854834,0.4051022777293248,0.0989273150893701,0.3201440882826096,0.0114064684913483,0.2033664459161148,0.8217687898851175
cdc_seed44_c5_non_iid_a0p5_calib_f1_optimal,cdc,44,5,non_iid,0.5,federated,fedprox,logistic,global_sigmoid,calib_f1_optimal,audit,global,0.1843,0.8141556291390728,0.3856145792943001,0.5627387183477154,0.8548560698009939,0.7087973940743546,0.4576358930112165,0.4051022777293248,0.1013202603977736,0.332862907528716,0.0330684291805494,0.2033270261747083,0.8217687898851175
cdc_seed44_c5_non_iid_a0p5_calib_f1_optimal,cdc,44,5,non_iid,0.5,federated,fedprox,logistic,federated_sigmoid,calib_f1_optimal,audit,global,0.183,0.8141162093976664,0.3855398333010273,0.5627387183477154,0.8548102686239036,0.7087744934858096,0.457583251854834,0.4051022777293248,0.1008826061085268,0.3324563234325649,0.036512725267201,0.2033664459161148,0.8217687898851175
cdc_seed44_c5_non_iid_a0p5_calib_f1_optimal,cdc,44,5,non_iid,0.5,federated,fedprox,logistic,global_isotonic,calib_f1_optimal,audit,global,0.25,0.8129730368968779,0.3837879369957741,0.5652850473900127,0.853069823894474,0.7091774356422433,0.4571820834048395,0.3966848536288228,0.0986676726507409,0.3176711245624529,0.0027888528815389,0.2052191737622201,0.8215673447235377
cdc_seed44_c5_non_iid_a0p5_calib_f1_optimal,cdc,44,5,non_iid,0.5,federated,fedprox,logistic,federated_isotonic,calib_f1_optimal,audit,global,0.25,0.8071980447808262,0.3760847720836759,0.5824020370632338,0.8435889802367921,0.7129955086500129,0.457038188277087,0.4008935354120774,0.0987783835622489,0.317937512066156,0.0042798161586586,0.2157639545884579,0.8216362781191181
