dataset,experiment_track,clients,partition,alpha,run_type,algorithm,model,calibration,threshold_strategy,client_id,feature,method,rank_mean,rank_std,rank_ci95_low,rank_ci95_high,rank_n,contribution_mean,contribution_std,contribution_ci95_low,contribution_ci95_high,contribution_n
cdc,audit,shared,shared,shared,centralized,not_applicable,gradient_boosting,none,calib_f1_optimal,global,Age,single_feature_probability_delta,1.3333333333333333,0.5773502691896257,0.6799999999999999,1.9866666666666666,3,-0.0349342922790185,0.033355764350555074,-0.07267989295158314,0.0028113083935461386,3
cdc,audit,shared,shared,shared,centralized,not_applicable,gradient_boosting,none,calib_f1_optimal,global,Sex,single_feature_probability_delta,4.333333333333333,1.1547005383792517,3.0266666666666664,5.64,3,0.002967488993394367,0.003717511001022578,-0.0012392707218309633,0.007174248708619697,3
cdc,audit,shared,shared,shared,centralized,not_applicable,gradient_boosting,none,calib_f1_optimal,global,MentHlth,single_feature_probability_delta,4.666666666666667,1.5275252316519465,2.938109143437801,6.395224189895533,3,0.0025421469352776,0.002709729881269322,-0.000524201086431151,0.005608494956986352,3
cdc,audit,shared,shared,shared,centralized,not_applicable,gradient_boosting,none,calib_f1_optimal,global,GenHlth,single_feature_probability_delta,7.0,9.539392014169456,-3.79483827268076,17.79483827268076,3,-0.008284513788326233,0.007762773977222833,-0.01706891949332557,0.0004998919166731026,3
cdc,audit,shared,shared,shared,centralized,not_applicable,gradient_boosting,none,calib_f1_optimal,global,HighBP,single_feature_probability_delta,8.333333333333334,5.507570547286102,2.100930550742622,14.565736115924047,3,0.02394974215678983,0.04148217024373421,-0.022991752470518236,0.0708912367840979,3
cdc,audit,shared,shared,shared,centralized,not_applicable,gradient_boosting,none,calib_f1_optimal,global,BMI,single_feature_probability_delta,9.0,6.244997998398398,1.933119500090581,16.06688049990942,3,4.952239922889999e-05,0.0005504251656363868,-0.0005733423111669681,0.0006723871096247681,3
cdc,audit,shared,shared,shared,centralized,not_applicable,gradient_boosting,none,calib_f1_optimal,global,Fruits,single_feature_probability_delta,9.0,2.6457513110645907,6.006050545962184,11.993949454037816,3,3.4762576526633335e-05,6.021054874613017e-05,-3.337207346556801e-05,0.00010289722651883468,3
cdc,audit,shared,shared,shared,centralized,not_applicable,gradient_boosting,none,calib_f1_optimal,global,PhysActivity,single_feature_probability_delta,9.0,0.0,9.0,9.0,3,0.0,0.0,0.0,0.0,3
cdc,audit,shared,shared,shared,centralized,not_applicable,gradient_boosting,none,calib_f1_optimal,global,Smoker,single_feature_probability_delta,9.333333333333334,3.214550253664318,5.6957272829510535,12.970939383715614,3,0.0,0.0,0.0,0.0,3
cdc,audit,shared,shared,shared,centralized,not_applicable,gradient_boosting,none,calib_f1_optimal,global,Income,single_feature_probability_delta,9.666666666666666,9.814954576223638,-1.4400000000000013,20.773333333333333,3,-0.0063566550617699,0.009448401380064449,-0.01704852773894591,0.0043352176154061095,3
cdc,audit,shared,shared,shared,centralized,not_applicable,gradient_boosting,none,calib_f1_optimal,global,HighChol,single_feature_probability_delta,10.666666666666666,7.505553499465135,2.173333333333332,19.16,3,0.0240386159379751,0.041636104148207856,-0.023077071300456095,0.0711543031764063,3
cdc,audit,shared,shared,shared,centralized,not_applicable,gradient_boosting,none,calib_f1_optimal,global,Education,single_feature_probability_delta,11.333333333333334,8.386497083606082,1.8431184897284858,20.823548176938182,3,-0.00030799640213423075,0.0004736334926479331,-0.0008439631541101442,0.00022797034984168267,3
cdc,audit,shared,shared,shared,centralized,not_applicable,gradient_boosting,none,calib_f1_optimal,global,HeartDiseaseorAttack,single_feature_probability_delta,11.666666666666666,2.8867513459481287,8.399999999999999,14.933333333333334,3,0.0,0.0,0.0,0.0,3
cdc,audit,shared,shared,shared,centralized,not_applicable,gradient_boosting,none,calib_f1_optimal,global,Veggies,single_feature_probability_delta,12.0,0.0,12.0,12.0,3,0.0,0.0,0.0,0.0,3
cdc,audit,shared,shared,shared,centralized,not_applicable,gradient_boosting,none,calib_f1_optimal,global,Stroke,single_feature_probability_delta,13.0,1.7320508075688772,11.04,14.96,3,0.0,0.0,0.0,0.0,3
cdc,audit,shared,shared,shared,centralized,not_applicable,gradient_boosting,none,calib_f1_optimal,global,CholCheck,single_feature_probability_delta,13.333333333333334,4.618802153517006,8.106666666666667,18.560000000000002,3,0.0,0.0,0.0,0.0,3
cdc,audit,shared,shared,shared,centralized,not_applicable,gradient_boosting,none,calib_f1_optimal,global,AnyHealthcare,single_feature_probability_delta,15.333333333333334,4.041451884327381,10.76,19.906666666666666,3,0.0,0.0,0.0,0.0,3
cdc,audit,shared,shared,shared,centralized,not_applicable,gradient_boosting,none,calib_f1_optimal,global,HvyAlcoholConsump,single_feature_probability_delta,16.333333333333332,4.618802153517007,11.106666666666666,21.56,3,0.0,0.0,0.0,0.0,3
cdc,audit,shared,shared,shared,centralized,not_applicable,gradient_boosting,none,calib_f1_optimal,global,PhysHlth,single_feature_probability_delta,17.0,0.0,17.0,17.0,3,0.0,0.0,0.0,0.0,3
cdc,audit,shared,shared,shared,centralized,not_applicable,gradient_boosting,none,calib_f1_optimal,global,NoDocbcCost,single_feature_probability_delta,18.333333333333332,0.5773502691896258,17.68,18.986666666666665,3,0.0,0.0,0.0,0.0,3
cdc,audit,shared,shared,shared,centralized,not_applicable,gradient_boosting,none,calib_f1_optimal,global,DiffWalk,single_feature_probability_delta,20.333333333333332,0.5773502691896258,19.68,20.986666666666665,3,0.0,0.0,0.0,0.0,3
cdc,audit,shared,shared,shared,centralized,not_applicable,xgboost,none,calib_f1_optimal,global,CholCheck,single_feature_probability_delta,1.3333333333333333,0.5773502691896257,0.6799999999999999,1.9866666666666666,3,0.12029673128078379,0.19467337214724192,-0.09999692739321038,0.340590389954778,3
cdc,audit,shared,shared,shared,centralized,not_applicable,xgboost,none,calib_f1_optimal,global,Age,single_feature_probability_delta,2.6666666666666665,2.081665999466133,0.31103983336352625,5.022293499969807,3,-0.055436122852067095,0.052471729692919133,-0.1148134746876493,0.003941228983515108,3
cdc,audit,shared,shared,shared,centralized,not_applicable,xgboost,none,calib_f1_optimal,global,MentHlth,single_feature_probability_delta,5.0,2.6457513110645907,2.0060505459621845,7.993949454037816,3,0.007781004998832899,0.010075011520971733,-0.0036199438040614568,0.019181953801727256,3
cdc,audit,shared,shared,shared,centralized,not_applicable,xgboost,none,calib_f1_optimal,global,Sex,single_feature_probability_delta,7.0,4.358898943540674,2.0674415022897756,11.932558497710225,3,0.0018475628457963334,0.002401036635133276,-0.0008694658835552329,0.0045645915751479,3
cdc,audit,shared,shared,shared,centralized,not_applicable,xgboost,none,calib_f1_optimal,global,AnyHealthcare,single_feature_probability_delta,7.666666666666667,1.1547005383792517,6.36,8.973333333333334,3,0.003703997004777133,0.004923429161343761,-0.0018673875724331004,0.009275381581987365,3
cdc,audit,shared,shared,shared,centralized,not_applicable,xgboost,none,calib_f1_optimal,global,PhysActivity,single_feature_probability_delta,8.666666666666666,2.3094010767585034,6.053333333333333,11.28,3,-0.0023411240739126334,0.00306461664835144,-0.00580906427781451,0.001126816129989243,3
cdc,audit,shared,shared,shared,centralized,not_applicable,xgboost,none,calib_f1_optimal,global,Veggies,single_feature_probability_delta,9.333333333333334,5.507570547286102,3.100930550742622,15.565736115924047,3,-0.0009312687131265667,0.001088374326966043,-0.002162880206006295,0.000300342779753162,3
cdc,audit,shared,shared,shared,centralized,not_applicable,xgboost,none,calib_f1_optimal,global,PhysHlth,single_feature_probability_delta,10.0,1.7320508075688772,8.04,11.96,3,0.001703675836324633,0.0021858859119638493,-0.0007698869302680395,0.004177238602917305,3
cdc,audit,shared,shared,shared,centralized,not_applicable,xgboost,none,calib_f1_optimal,global,HighBP,single_feature_probability_delta,10.666666666666666,6.110100926607786,3.7524365737512033,17.580896759582128,3,0.0594008962313334,0.10288537028779608,-0.05702486038208005,0.17582665284474686,3
cdc,audit,shared,shared,shared,centralized,not_applicable,xgboost,none,calib_f1_optimal,global,Income,single_feature_probability_delta,10.666666666666666,8.962886439832502,0.5242058651101154,20.809127468223217,3,-0.018932987314959335,0.031133970726863112,-0.05416439181994817,0.0162984171900295,3
cdc,audit,shared,shared,shared,centralized,not_applicable,xgboost,none,calib_f1_optimal,global,Fruits,single_feature_probability_delta,11.333333333333334,6.658328118479393,3.798725771481747,18.867940895184923,3,-0.0070445990810790995,0.011333382594007435,-0.019869528804378356,0.005780330642220157,3
cdc,audit,shared,shared,shared,centralized,not_applicable,xgboost,none,calib_f1_optimal,global,BMI,single_feature_probability_delta,11.666666666666666,3.7859388972001824,7.382473497456026,15.950859835877306,3,-0.0002742204815149,0.0003912544132163195,-0.0007169665294673595,0.0001685255664375595,3
cdc,audit,shared,shared,shared,centralized,not_applicable,xgboost,none,calib_f1_optimal,global,Education,single_feature_probability_delta,12.0,7.937253933193772,3.018151637886554,20.981848362113446,3,-0.0005666140156487333,0.0007541202817587614,-0.001419981449091297,0.0002867534177938304,3
cdc,audit,shared,shared,shared,centralized,not_applicable,xgboost,none,calib_f1_optimal,global,GenHlth,single_feature_probability_delta,12.666666666666666,9.237604307034013,2.213333333333331,23.12,3,0.0792704919974009,0.13730051968048046,-0.07609967231750488,0.23464065631230668,3
cdc,audit,shared,shared,shared,centralized,not_applicable,xgboost,none,calib_f1_optimal,global,HeartDiseaseorAttack,single_feature_probability_delta,12.666666666666666,1.5275252316519468,10.9381091434378,14.395224189895533,3,0.0,0.0,0.0,0.0,3
cdc,audit,shared,shared,shared,centralized,not_applicable,xgboost,none,calib_f1_optimal,global,HighChol,single_feature_probability_delta,13.0,8.888194417315589,2.942061178684108,23.057938821315894,3,0.07289241751035054,0.1262533706144504,-0.06997672080993651,0.2157615558306376,3
cdc,audit,shared,shared,shared,centralized,not_applicable,xgboost,none,calib_f1_optimal,global,Smoker,single_feature_probability_delta,15.0,0.0,15.0,15.0,3,0.0,0.0,0.0,0.0,3
cdc,audit,shared,shared,shared,centralized,not_applicable,xgboost,none,calib_f1_optimal,global,Stroke,single_feature_probability_delta,15.666666666666666,2.8867513459481287,12.399999999999999,18.933333333333334,3,0.0,0.0,0.0,0.0,3
cdc,audit,shared,shared,shared,centralized,not_applicable,xgboost,none,calib_f1_optimal,global,HvyAlcoholConsump,single_feature_probability_delta,16.666666666666668,3.2145502536643185,13.029060616284386,20.30427271704895,3,0.0,0.0,0.0,0.0,3
cdc,audit,shared,shared,shared,centralized,not_applicable,xgboost,none,calib_f1_optimal,global,NoDocbcCost,single_feature_probability_delta,17.0,0.0,17.0,17.0,3,0.0,0.0,0.0,0.0,3
cdc,audit,shared,shared,shared,centralized,not_applicable,xgboost,none,calib_f1_optimal,global,DiffWalk,single_feature_probability_delta,20.333333333333332,0.5773502691896258,19.68,20.986666666666665,3,0.0,0.0,0.0,0.0,3
cdc,audit,3,iid,0.5,federated,fedavg,logistic,none,calib_f1_optimal,global,Age,linear_shap_approximation,1.3333333333333333,0.5773502691896257,0.6799999999999999,1.9866666666666666,3,-0.46726923483059907,0.19990141978000328,-0.6934789863324907,-0.24105948332870744,3
cdc,audit,3,iid,0.5,federated,fedprox,logistic,none,calib_f1_optimal,global,Age,linear_shap_approximation,1.3333333333333333,0.5773502691896257,0.6799999999999999,1.9866666666666666,3,-0.46632508447454324,0.1990345120465742,-0.6915538375264495,-0.24109633142263698,3
cdc,audit,3,non_iid,0.5,federated,fedavg,logistic,none,calib_f1_optimal,global,Age,linear_shap_approximation,1.3333333333333333,0.5773502691896257,0.6799999999999999,1.9866666666666666,3,-0.45610691563006084,0.16463276774002442,-0.6424064302634478,-0.26980740099667383,3
cdc,audit,3,non_iid,0.5,federated,fedprox,logistic,none,calib_f1_optimal,global,Age,linear_shap_approximation,1.3333333333333333,0.5773502691896257,0.6799999999999999,1.9866666666666666,3,-0.45501503039968566,0.16361895635421886,-0.6401673094511281,-0.2698627513482432,3
cdc,audit,5,iid,0.5,federated,fedavg,logistic,none,calib_f1_optimal,global,Age,linear_shap_approximation,1.3333333333333333,0.5773502691896257,0.6799999999999999,1.9866666666666666,3,-0.4527502887630037,0.18664702236372976,-0.6639612776290811,-0.2415392998969264,3
cdc,audit,5,iid,0.5,federated,fedprox,logistic,none,calib_f1_optimal,global,Age,linear_shap_approximation,1.3333333333333333,0.5773502691896257,0.6799999999999999,1.9866666666666666,3,-0.46334728342027964,0.20566117078247625,-0.6960748067539875,-0.23061976008657178,3
cdc,audit,5,non_iid,0.5,federated,fedavg,logistic,none,calib_f1_optimal,global,HighBP,linear_shap_approximation,1.3333333333333333,0.5773502691896257,0.6799999999999999,1.9866666666666666,3,-0.09224535598189106,0.39465598274944264,-0.5388406422221577,0.3543499302583755,3
cdc,audit,5,non_iid,0.5,federated,fedprox,logistic,none,calib_f1_optimal,global,HighBP,linear_shap_approximation,1.3333333333333333,0.5773502691896257,0.6799999999999999,1.9866666666666666,3,-0.09111862151392604,0.39591937117637455,-0.5391435663450178,0.3569063233171657,3
cdc,audit,3,iid,0.5,federated,fedavg,logistic,none,calib_f1_optimal,global,HighBP,linear_shap_approximation,1.6666666666666667,0.5773502691896257,1.0133333333333334,2.3200000000000003,3,-0.06756287263199773,0.4339740117280105,-0.5586506971172363,0.42352495185324085,3
cdc,audit,3,iid,0.5,federated,fedprox,logistic,none,calib_f1_optimal,global,HighBP,linear_shap_approximation,1.6666666666666667,0.5773502691896257,1.0133333333333334,2.3200000000000003,3,-0.06746625623081563,0.43388487460282915,-0.5584532125633465,0.4235207001017152,3
cdc,audit,3,non_iid,0.5,federated,fedavg,logistic,none,calib_f1_optimal,global,HighBP,linear_shap_approximation,1.6666666666666667,0.5773502691896257,1.0133333333333334,2.3200000000000003,3,-0.06878083022032587,0.4355283604489093,-0.5616275658643184,0.4240659054236667,3
cdc,audit,3,non_iid,0.5,federated,fedprox,logistic,none,calib_f1_optimal,global,HighBP,linear_shap_approximation,1.6666666666666667,0.5773502691896257,1.0133333333333334,2.3200000000000003,3,-0.06851634174674807,0.43524874122713364,-0.5610466584541336,0.4240139749606374,3
cdc,audit,5,iid,0.5,federated,fedavg,logistic,none,calib_f1_optimal,global,HighBP,linear_shap_approximation,1.6666666666666667,0.5773502691896257,1.0133333333333334,2.3200000000000003,3,-0.0675006775941326,0.4266020104119169,-0.5502462972685179,0.41524494208025275,3
cdc,audit,5,iid,0.5,federated,fedprox,logistic,none,calib_f1_optimal,global,HighBP,linear_shap_approximation,1.6666666666666667,0.5773502691896257,1.0133333333333334,2.3200000000000003,3,-0.06783906098524255,0.4269311940088808,-0.5509571869667349,0.4152790649962498,3
cdc,audit,5,non_iid,0.5,federated,fedavg,logistic,none,calib_f1_optimal,global,Age,linear_shap_approximation,1.6666666666666667,0.5773502691896257,1.0133333333333334,2.3200000000000003,3,-0.4419519306250474,0.18874294258715554,-0.6555346764973067,-0.22836918475278817,3
cdc,audit,5,non_iid,0.5,federated,fedprox,logistic,none,calib_f1_optimal,global,Age,linear_shap_approximation,1.6666666666666667,0.5773502691896257,1.0133333333333334,2.3200000000000003,3,-0.4413862058578119,0.18722785031048597,-0.6532544634198578,-0.22951794829576597,3
cdc,audit,3,iid,0.5,federated,fedavg,logistic,none,calib_f1_optimal,global,GenHlth,linear_shap_approximation,3.3333333333333335,0.5773502691896258,2.68,3.986666666666667,3,-0.07885454967845566,0.288923969188861,-0.4058027991960428,0.24809369983913143,3
cdc,audit,3,iid,0.5,federated,fedprox,logistic,none,calib_f1_optimal,global,GenHlth,linear_shap_approximation,3.3333333333333335,0.5773502691896258,2.68,3.986666666666667,3,-0.07851220271745406,0.2885199411659819,-0.40500325148701316,0.24797884605210502,3
cdc,audit,3,non_iid,0.5,federated,fedavg,logistic,none,calib_f1_optimal,global,GenHlth,linear_shap_approximation,3.3333333333333335,0.5773502691896258,2.68,3.986666666666667,3,-0.07480934283625698,0.2863037250345374,-0.3987925069648752,0.24917382129236124,3
cdc,audit,3,non_iid,0.5,federated,fedprox,logistic,none,calib_f1_optimal,global,GenHlth,linear_shap_approximation,3.3333333333333335,0.5773502691896258,2.68,3.986666666666667,3,-0.07420866085553313,0.2857928234472707,-0.3976136854130332,0.24919636370196696,3
cdc,audit,5,iid,0.5,federated,fedavg,logistic,none,calib_f1_optimal,global,HighChol,linear_shap_approximation,3.3333333333333335,0.5773502691896258,2.68,3.986666666666667,3,-0.042330854265563767,0.3330525178209458,-0.419215257469247,0.33455354893811945,3
cdc,audit,5,iid,0.5,federated,fedprox,logistic,none,calib_f1_optimal,global,HighChol,linear_shap_approximation,3.3333333333333335,0.5773502691896258,2.68,3.986666666666667,3,-0.0429045622837493,0.3336138455214584,-0.42042416757746176,0.3346150430099632,3
cdc,audit,5,non_iid,0.5,federated,fedavg,logistic,none,calib_f1_optimal,global,GenHlth,linear_shap_approximation,3.3333333333333335,0.5773502691896258,2.68,3.986666666666667,3,-0.08326603174956763,0.27523142783145,-0.3947197120875157,0.22818764858838042,3
cdc,audit,5,non_iid,0.5,federated,fedprox,logistic,none,calib_f1_optimal,global,GenHlth,linear_shap_approximation,3.3333333333333335,0.5773502691896258,2.68,3.986666666666667,3,-0.08261243822553256,0.27503703318488903,-0.39384614031249954,0.22862126386143444,3
cdc,audit,3,iid,0.5,federated,fedavg,logistic,none,calib_f1_optimal,global,HighChol,linear_shap_approximation,3.6666666666666665,0.5773502691896258,3.013333333333333,4.32,3,-0.04399809992721836,0.33177753124823917,-0.4194397200026095,0.33144352014817274,3
cdc,audit,3,iid,0.5,federated,fedprox,logistic,none,calib_f1_optimal,global,HighChol,linear_shap_approximation,3.6666666666666665,0.5773502691896258,3.013333333333333,4.32,3,-0.043898385213902574,0.3316917040506454,-0.41924288267224996,0.33144611224444487,3
cdc,audit,3,non_iid,0.5,federated,fedavg,logistic,none,calib_f1_optimal,global,HighChol,linear_shap_approximation,3.6666666666666665,0.5773502691896258,3.013333333333333,4.32,3,-0.037983321725813805,0.3345801690981573,-0.4165964250867038,0.3406297816350762,3
cdc,audit,3,non_iid,0.5,federated,fedprox,logistic,none,calib_f1_optimal,global,HighChol,linear_shap_approximation,3.6666666666666665,0.5773502691896258,3.013333333333333,4.32,3,-0.03775415740126837,0.3343714916506626,-0.41613112000040803,0.3406228051978713,3
cdc,audit,5,iid,0.5,federated,fedavg,logistic,none,calib_f1_optimal,global,GenHlth,linear_shap_approximation,3.6666666666666665,0.5773502691896258,3.013333333333333,4.32,3,-0.07136489151758726,0.28457906965310253,-0.39339642435869326,0.2506666413235187,3
cdc,audit,5,iid,0.5,federated,fedprox,logistic,none,calib_f1_optimal,global,GenHlth,linear_shap_approximation,3.6666666666666665,0.5773502691896258,3.013333333333333,4.32,3,-0.07499773708937525,0.28796490479508935,-0.4008607030785704,0.25086522889981994,3
cdc,audit,5,non_iid,0.5,federated,fedavg,logistic,none,calib_f1_optimal,global,HighChol,linear_shap_approximation,3.6666666666666665,0.5773502691896258,3.013333333333333,4.32,3,-0.056027128693851735,0.2885528443504768,-0.3825554109217645,0.270501153534061,3
cdc,audit,5,non_iid,0.5,federated,fedprox,logistic,none,calib_f1_optimal,global,HighChol,linear_shap_approximation,3.6666666666666665,0.5773502691896258,3.013333333333333,4.32,3,-0.0554619260301566,0.2892184402783009,-0.3827434009547468,0.2718195488944336,3
cdc,audit,3,iid,0.5,federated,fedavg,logistic,none,calib_f1_optimal,global,Sex,linear_shap_approximation,5.333333333333333,0.5773502691896258,4.68,5.986666666666666,3,0.13704748540825237,0.021226416227579946,0.1130275342473207,0.16106743656918404,3
cdc,audit,3,iid,0.5,federated,fedprox,logistic,none,calib_f1_optimal,global,Sex,linear_shap_approximation,5.333333333333333,0.5773502691896258,4.68,5.986666666666666,3,0.1368376721864019,0.021187584329086476,0.11286166345528498,0.1608136809175188,3
cdc,audit,3,non_iid,0.5,federated,fedavg,logistic,none,calib_f1_optimal,global,Sex,linear_shap_approximation,5.333333333333333,0.5773502691896258,4.68,5.986666666666666,3,0.14221790425485736,0.011028040360927768,0.1297385017956666,0.15469730671404813,3
cdc,audit,3,non_iid,0.5,federated,fedprox,logistic,none,calib_f1_optimal,global,Sex,linear_shap_approximation,5.333333333333333,0.5773502691896258,4.68,5.986666666666666,3,0.1419233372695177,0.011362373792473764,0.12906560091679065,0.15478107362224475,3
cdc,audit,5,iid,0.5,federated,fedavg,logistic,none,calib_f1_optimal,global,Sex,linear_shap_approximation,5.333333333333333,0.5773502691896258,4.68,5.986666666666666,3,0.13468330152192454,0.015739808753177726,0.11687203119346938,0.1524945718503797,3
cdc,audit,5,iid,0.5,federated,fedprox,logistic,none,calib_f1_optimal,global,Sex,linear_shap_approximation,5.333333333333333,0.5773502691896258,4.68,5.986666666666666,3,0.13585340845882002,0.015843839810338288,0.11792441590700763,0.15378240101063242,3
cdc,audit,5,non_iid,0.5,federated,fedavg,logistic,none,calib_f1_optimal,global,Sex,linear_shap_approximation,5.333333333333333,0.5773502691896258,4.68,5.986666666666666,3,0.12308851645829215,0.010421410181507211,0.11129558066997991,0.1348814522466044,3
cdc,audit,5,non_iid,0.5,federated,fedprox,logistic,none,calib_f1_optimal,global,Sex,linear_shap_approximation,5.333333333333333,0.5773502691896258,4.68,5.986666666666666,3,0.12307158841822859,0.01065472964154396,0.11101462680591993,0.13512855003053725,3
cdc,audit,3,iid,0.5,federated,fedavg,logistic,none,calib_f1_optimal,global,Income,linear_shap_approximation,6.333333333333333,0.5773502691896258,5.68,6.986666666666666,3,-0.08504495127999623,0.028014447823354903,-0.11674628330434109,-0.05334361925565138,3
cdc,audit,3,iid,0.5,federated,fedprox,logistic,none,calib_f1_optimal,global,Income,linear_shap_approximation,6.333333333333333,0.5773502691896258,5.68,6.986666666666666,3,-0.08500825300352743,0.02799800675613753,-0.11669098020888821,-0.05332552579816666,3
cdc,audit,3,non_iid,0.5,federated,fedavg,logistic,none,calib_f1_optimal,global,Income,linear_shap_approximation,6.333333333333333,0.5773502691896258,5.68,6.986666666666666,3,-0.0897239145171048,0.0336738599120659,-0.1278294742034794,-0.05161835483073021,3
cdc,audit,3,non_iid,0.5,federated,fedprox,logistic,none,calib_f1_optimal,global,Income,linear_shap_approximation,6.333333333333333,0.5773502691896258,5.68,6.986666666666666,3,-0.08976367454954516,0.03388958819560789,-0.12811335376976632,-0.051413995329323996,3
cdc,audit,5,iid,0.5,federated,fedavg,logistic,none,calib_f1_optimal,global,Income,linear_shap_approximation,6.333333333333333,0.5773502691896258,5.68,6.986666666666666,3,-0.0833212322707574,0.023728930561459752,-0.11017304498734923,-0.056469419554165574,3
cdc,audit,5,iid,0.5,federated,fedprox,logistic,none,calib_f1_optimal,global,Income,linear_shap_approximation,6.333333333333333,0.5773502691896258,5.68,6.986666666666666,3,-0.08338229220137656,0.023602528134680147,-0.11009106710671863,-0.056673517296034495,3
cdc,audit,5,non_iid,0.5,federated,fedavg,logistic,none,calib_f1_optimal,global,Income,linear_shap_approximation,6.333333333333333,0.5773502691896258,5.68,6.986666666666666,3,-0.08210067367625017,0.026610491858283177,-0.11221327996604051,-0.05198806738645982,3
cdc,audit,5,non_iid,0.5,federated,fedprox,logistic,none,calib_f1_optimal,global,Income,linear_shap_approximation,6.333333333333333,0.5773502691896258,5.68,6.986666666666666,3,-0.08233396704026576,0.026687539741354276,-0.11253376121747802,-0.05213417286305349,3
cdc,audit,3,iid,0.5,federated,fedavg,logistic,none,calib_f1_optimal,global,CholCheck,linear_shap_approximation,7.666666666666667,1.1547005383792517,6.36,8.973333333333334,3,0.04028719275024107,0.005456443051801961,0.03411264617528065,0.04646173932520149,3
cdc,audit,3,iid,0.5,federated,fedprox,logistic,none,calib_f1_optimal,global,CholCheck,linear_shap_approximation,7.666666666666667,1.1547005383792517,6.36,8.973333333333334,3,0.04012770352928243,0.005424978545272512,0.03398876239529881,0.04626664466326605,3
cdc,audit,3,iid,0.5,federated,fedavg,logistic,none,calib_f1_optimal,global,HvyAlcoholConsump,linear_shap_approximation,8.0,0.0,8.0,8.0,3,0.03985813619334427,0.00463988156446634,0.034607615927649125,0.04510865645903941,3
cdc,audit,3,iid,0.5,federated,fedprox,logistic,none,calib_f1_optimal,global,HvyAlcoholConsump,linear_shap_approximation,8.0,0.0,8.0,8.0,3,0.03979321439433694,0.004670873447352135,0.03450762351166525,0.045078805277008624,3
cdc,audit,3,non_iid,0.5,federated,fedavg,logistic,none,calib_f1_optimal,global,CholCheck,linear_shap_approximation,8.0,1.7320508075688772,6.04,9.96,3,0.03911216553855893,0.005983220635412166,0.0323415140113857,0.04588281706573216,3
cdc,audit,3,non_iid,0.5,federated,fedprox,logistic,none,calib_f1_optimal,global,CholCheck,linear_shap_approximation,8.0,1.7320508075688772,6.04,9.96,3,0.038976505812025664,0.006125643413971057,0.0320446877389546,0.045908323885096726,3
cdc,audit,5,iid,0.5,federated,fedavg,logistic,none,calib_f1_optimal,global,CholCheck,linear_shap_approximation,8.0,1.7320508075688772,6.04,9.96,3,0.0396316052786052,0.007298755936005413,0.031372285417977076,0.04789092513923333,3
cdc,audit,5,iid,0.5,federated,fedprox,logistic,none,calib_f1_optimal,global,CholCheck,linear_shap_approximation,8.0,1.7320508075688772,6.04,9.96,3,0.040846813763406736,0.007501992217635525,0.03235751039983845,0.04933611712697502,3
cdc,audit,5,non_iid,0.5,federated,fedavg,logistic,none,calib_f1_optimal,global,BMI,linear_shap_approximation,8.0,2.6457513110645907,5.006050545962184,10.993949454037816,3,-0.039267613952671636,0.08348198229071527,-0.13373637005080657,0.05520114214546331,3
cdc,audit,5,non_iid,0.5,federated,fedavg,logistic,none,calib_f1_optimal,global,CholCheck,linear_shap_approximation,8.0,1.7320508075688772,6.04,9.96,3,0.039458739953755095,0.005804375686879764,0.032890470537771506,0.046027009369738685,3
cdc,audit,5,non_iid,0.5,federated,fedprox,logistic,none,calib_f1_optimal,global,BMI,linear_shap_approximation,8.0,2.6457513110645907,5.006050545962184,10.993949454037816,3,-0.0392655136617322,0.08340755441409908,-0.133650046688852,0.055119019365387587,3
cdc,audit,5,non_iid,0.5,federated,fedprox,logistic,none,calib_f1_optimal,global,CholCheck,linear_shap_approximation,8.0,1.7320508075688772,6.04,9.96,3,0.03932263319352963,0.005890953053605344,0.03265639226421595,0.04598887412284332,3
cdc,audit,3,non_iid,0.5,federated,fedavg,logistic,none,calib_f1_optimal,global,BMI,linear_shap_approximation,8.333333333333334,3.511884584284246,4.359261813538497,12.30740485312817,3,-0.042936150338940264,0.08764611839126801,-0.1421170700303241,0.05624476935244357,3
cdc,audit,3,non_iid,0.5,federated,fedavg,logistic,none,calib_f1_optimal,global,HvyAlcoholConsump,linear_shap_approximation,8.333333333333334,0.5773502691896257,7.680000000000001,8.986666666666668,3,0.037537584847510436,0.004449679057891057,0.032502298979823985,0.04257287071519689,3
cdc,audit,3,non_iid,0.5,federated,fedprox,logistic,none,calib_f1_optimal,global,BMI,linear_shap_approximation,8.333333333333334,3.511884584284246,4.359261813538497,12.30740485312817,3,-0.04289535591521137,0.08752482877638931,-0.14193902348666695,0.05614831165624421,3
cdc,audit,3,non_iid,0.5,federated,fedprox,logistic,none,calib_f1_optimal,global,HvyAlcoholConsump,linear_shap_approximation,8.333333333333334,0.5773502691896257,7.680000000000001,8.986666666666668,3,0.03743983938940237,0.0044714089807881205,0.0323799637991211,0.042499714979683634,3
cdc,audit,5,iid,0.5,federated,fedavg,logistic,none,calib_f1_optimal,global,BMI,linear_shap_approximation,8.333333333333334,3.055050463303893,4.876218286875602,11.790448379791066,3,-0.039013605696693036,0.08471040187789902,-0.13487244941833115,0.05684523802494507,3
cdc,audit,5,iid,0.5,federated,fedavg,logistic,none,calib_f1_optimal,global,HvyAlcoholConsump,linear_shap_approximation,8.333333333333334,0.5773502691896257,7.680000000000001,8.986666666666668,3,0.038691967098081065,0.005080194848302344,0.03294318544620297,0.04444074874995916,3
cdc,audit,5,iid,0.5,federated,fedprox,logistic,none,calib_f1_optimal,global,BMI,linear_shap_approximation,8.333333333333334,3.055050463303893,4.876218286875602,11.790448379791066,3,-0.03874217089830621,0.08493204571611344,-0.13485182823407266,0.05736748643746025,3
cdc,audit,5,iid,0.5,federated,fedprox,logistic,none,calib_f1_optimal,global,HvyAlcoholConsump,linear_shap_approximation,8.333333333333334,0.5773502691896257,7.680000000000001,8.986666666666668,3,0.039194286695277226,0.005081217911177476,0.033444347338771475,0.04494422605178298,3
cdc,audit,5,non_iid,0.5,federated,fedavg,logistic,none,calib_f1_optimal,global,HvyAlcoholConsump,linear_shap_approximation,8.333333333333334,0.5773502691896257,7.680000000000001,8.986666666666668,3,0.0373811956815766,0.002302339379519787,0.034775853410934615,0.039986537952218584,3
cdc,audit,5,non_iid,0.5,federated,fedprox,logistic,none,calib_f1_optimal,global,HvyAlcoholConsump,linear_shap_approximation,8.333333333333334,0.5773502691896257,7.680000000000001,8.986666666666668,3,0.0373531367730732,0.0023452421433621737,0.034699245454814585,0.04000702809133181,3
cdc,audit,3,iid,0.5,federated,fedavg,logistic,none,calib_f1_optimal,global,BMI,linear_shap_approximation,9.0,4.0,4.473573889553334,13.526426110446666,3,-0.040339127305747104,0.08670713642663892,-0.13845748887664702,0.05777923426515281,3
cdc,audit,3,iid,0.5,federated,fedprox,logistic,none,calib_f1_optimal,global,BMI,linear_shap_approximation,9.0,4.0,4.473573889553334,13.526426110446666,3,-0.040319081297638365,0.08663525686493109,-0.13835610348730784,0.05771794089203111,3
cdc,audit,3,non_iid,0.5,federated,fedavg,logistic,none,calib_f1_optimal,global,DiffWalk,linear_shap_approximation,11.333333333333334,2.516611478423583,8.48551935688676,14.181147309779908,3,-0.021563364699046666,0.006400798944224423,-0.028806550566260886,-0.014320178831832446,3
cdc,audit,3,non_iid,0.5,federated,fedprox,logistic,none,calib_f1_optimal,global,DiffWalk,linear_shap_approximation,11.333333333333334,2.516611478423583,8.48551935688676,14.181147309779908,3,-0.021663013325464598,0.006300105461255607,-0.028792253790063352,-0.014533772860865844,3
cdc,audit,5,iid,0.5,federated,fedavg,logistic,none,calib_f1_optimal,global,DiffWalk,linear_shap_approximation,11.333333333333334,0.5773502691896257,10.68,11.986666666666668,3,-0.02435803876468637,0.0024432193032221912,-0.027122801676599428,-0.02159327585277331,3
cdc,audit,5,non_iid,0.5,federated,fedavg,logistic,none,calib_f1_optimal,global,HeartDiseaseorAttack,linear_shap_approximation,11.333333333333334,1.1547005383792517,10.026666666666667,12.64,3,-0.021492432684343237,0.005661493078038544,-0.02789901520747992,-0.015085850161206555,3
cdc,audit,5,non_iid,0.5,federated,fedprox,logistic,none,calib_f1_optimal,global,HeartDiseaseorAttack,linear_shap_approximation,11.333333333333334,1.1547005383792517,10.026666666666667,12.64,3,-0.021588943845185764,0.005591222232345995,-0.027916007420635967,-0.015261880269735562,3
cdc,audit,3,iid,0.5,federated,fedavg,logistic,none,calib_f1_optimal,global,DiffWalk,linear_shap_approximation,11.666666666666666,1.1547005383792517,10.36,12.973333333333333,3,-0.022799278312473203,0.002736134520527402,-0.02589550599632563,-0.019703050628620777,3
cdc,audit,3,iid,0.5,federated,fedavg,logistic,none,calib_f1_optimal,global,HeartDiseaseorAttack,linear_shap_approximation,11.666666666666666,0.5773502691896257,11.013333333333332,12.32,3,-0.02343517730144923,0.0005203683484992364,-0.02402402952137347,-0.022846325081524992,3
cdc,audit,3,iid,0.5,federated,fedprox,logistic,none,calib_f1_optimal,global,DiffWalk,linear_shap_approximation,11.666666666666666,1.1547005383792517,10.36,12.973333333333333,3,-0.022883163448920534,0.002700543048263,-0.02593911559043125,-0.019827211307409817,3
cdc,audit,3,iid,0.5,federated,fedprox,logistic,none,calib_f1_optimal,global,HeartDiseaseorAttack,linear_shap_approximation,11.666666666666666,0.5773502691896257,11.013333333333332,12.32,3,-0.023469181869197133,0.0005168004661585427,-0.02405399665017489,-0.022884367088219375,3
cdc,audit,5,iid,0.5,federated,fedavg,logistic,none,calib_f1_optimal,global,HeartDiseaseorAttack,linear_shap_approximation,11.666666666666666,1.5275252316519468,9.9381091434378,13.395224189895533,3,-0.022908372343845865,0.0014943938544510738,-0.024599438184365458,-0.02121730650332627,3
cdc,audit,5,iid,0.5,federated,fedprox,logistic,none,calib_f1_optimal,global,DiffWalk,linear_shap_approximation,11.666666666666666,0.5773502691896257,11.013333333333332,12.32,3,-0.023857267813142402,0.002660855260844537,-0.026868308995343926,-0.02084622663094088,3
cdc,audit,5,iid,0.5,federated,fedprox,logistic,none,calib_f1_optimal,global,HeartDiseaseorAttack,linear_shap_approximation,11.666666666666666,1.5275252316519468,9.9381091434378,13.395224189895533,3,-0.022608323375451433,0.0020814094498824605,-0.024963659895571033,-0.020252986855331834,3
cdc,audit,5,non_iid,0.5,federated,fedavg,logistic,none,calib_f1_optimal,global,DiffWalk,linear_shap_approximation,11.666666666666666,1.1547005383792517,10.36,12.973333333333333,3,-0.019028697769416566,0.008490868958673714,-0.028637020508147013,-0.009420375030686119,3
cdc,audit,5,non_iid,0.5,federated,fedavg,logistic,none,calib_f1_optimal,global,PhysHlth,linear_shap_approximation,11.666666666666666,3.214550253664318,8.029060616284386,15.304272717048946,3,0.024980844573064098,0.012840033263132341,0.010450979117752614,0.039510710028375584,3
cdc,audit,5,non_iid,0.5,federated,fedprox,logistic,none,calib_f1_optimal,global,DiffWalk,linear_shap_approximation,11.666666666666666,1.1547005383792517,10.36,12.973333333333333,3,-0.019191574959270933,0.00841212329792886,-0.02871078859428141,-0.009672361324260456,3
cdc,audit,5,non_iid,0.5,federated,fedprox,logistic,none,calib_f1_optimal,global,PhysHlth,linear_shap_approximation,11.666666666666666,3.214550253664318,8.029060616284386,15.304272717048946,3,0.024777661914332467,0.012831083347347637,0.010257924242144528,0.039297399586520405,3
cdc,audit,3,iid,0.5,federated,fedavg,logistic,none,calib_f1_optimal,global,PhysHlth,linear_shap_approximation,12.0,2.6457513110645907,9.006050545962184,14.993949454037816,3,0.0214696403663566,0.007350080207800703,0.01315224162474001,0.029787039107973187,3
cdc,audit,3,iid,0.5,federated,fedprox,logistic,none,calib_f1_optimal,global,PhysHlth,linear_shap_approximation,12.0,2.6457513110645907,9.006050545962184,14.993949454037816,3,0.021334807147116833,0.007423903973787758,0.012933868950016416,0.029735745344217253,3
cdc,audit,3,non_iid,0.5,federated,fedavg,logistic,none,calib_f1_optimal,global,HeartDiseaseorAttack,linear_shap_approximation,12.0,1.0,10.868393472388334,13.131606527611666,3,-0.019661594495966165,0.00085783038094649,-0.020632320954628816,-0.018690868037303514,3
cdc,audit,3,non_iid,0.5,federated,fedprox,logistic,none,calib_f1_optimal,global,HeartDiseaseorAttack,linear_shap_approximation,12.0,1.0,10.868393472388334,13.131606527611666,3,-0.019708958112840864,0.0008389559659055405,-0.020658326160238324,-0.018759590065443404,3
cdc,audit,5,iid,0.5,federated,fedprox,logistic,none,calib_f1_optimal,global,Fruits,linear_shap_approximation,12.333333333333334,2.081665999466133,9.977706500030195,14.688960166636473,3,-0.0006516013823108004,0.02406059174858163,-0.027878724063205174,0.026575521298583576,3
cdc,audit,5,iid,0.5,federated,fedavg,logistic,none,calib_f1_optimal,global,Education,linear_shap_approximation,12.666666666666666,6.429100507328636,5.391454565902105,19.941878767431227,3,-0.021948658200578966,0.0216075482663845,-0.04639990086450381,0.002502584463345881,3
cdc,audit,5,non_iid,0.5,federated,fedavg,logistic,none,calib_f1_optimal,global,Fruits,linear_shap_approximation,12.666666666666666,2.081665999466133,10.311039833363527,15.022293499969805,3,-0.005049953271649,0.020082196457392117,-0.027775097871613807,0.017675191328315805,3
cdc,audit,5,non_iid,0.5,federated,fedprox,logistic,none,calib_f1_optimal,global,Fruits,linear_shap_approximation,12.666666666666666,2.081665999466133,10.311039833363527,15.022293499969805,3,-0.0050991795831293015,0.019950900517705608,-0.027675748840695947,0.017477389674437346,3
cdc,audit,3,non_iid,0.5,federated,fedavg,logistic,none,calib_f1_optimal,global,Education,linear_shap_approximation,13.0,6.082762530298219,6.116706214802878,19.88329378519712,3,-0.0209887444472434,0.020734372257733846,-0.04445189544002527,0.0024744065455384705,3
cdc,audit,3,non_iid,0.5,federated,fedavg,logistic,none,calib_f1_optimal,global,PhysHlth,linear_shap_approximation,13.0,2.0,10.736786944776668,15.263213055223332,3,0.0181710396236155,0.005888907687394898,0.01150711324405691,0.02483496600317409,3
cdc,audit,3,non_iid,0.5,federated,fedprox,logistic,none,calib_f1_optimal,global,Education,linear_shap_approximation,13.0,6.082762530298219,6.116706214802878,19.88329378519712,3,-0.021127111021214732,0.020839781188053214,-0.04470954344761456,0.002455321405185097,3
cdc,audit,3,non_iid,0.5,federated,fedprox,logistic,none,calib_f1_optimal,global,PhysHlth,linear_shap_approximation,13.0,2.0,10.736786944776668,15.263213055223332,3,0.018049542712019435,0.0060421913515430435,0.011212159537534568,0.0248869258865043,3
cdc,audit,5,iid,0.5,federated,fedavg,logistic,none,calib_f1_optimal,global,Fruits,linear_shap_approximation,13.0,1.0,11.868393472388334,14.131606527611666,3,-0.001581841788246199,0.0224928664485906,-0.02703491628616876,0.023871232709676365,3
cdc,audit,5,iid,0.5,federated,fedprox,logistic,none,calib_f1_optimal,global,Education,linear_shap_approximation,13.0,6.244997998398398,5.933119500090581,20.06688049990942,3,-0.021064545594973533,0.02142638015064319,-0.04531077723653041,0.0031816860465833444,3
cdc,audit,5,iid,0.5,federated,fedprox,logistic,none,calib_f1_optimal,global,PhysHlth,linear_shap_approximation,13.0,3.605551275463989,8.91993464104638,17.080065358953618,3,0.0204406711709994,0.011662786007571578,0.007242986394693392,0.03363835594730541,3
cdc,audit,3,iid,0.5,federated,fedavg,logistic,none,calib_f1_optimal,global,Fruits,linear_shap_approximation,13.333333333333334,2.8867513459481287,10.066666666666666,16.6,3,-0.008780948269648267,0.0223518378921378,-0.034074433932509196,0.016512537393212665,3
cdc,audit,3,iid,0.5,federated,fedprox,logistic,none,calib_f1_optimal,global,Fruits,linear_shap_approximation,13.333333333333334,2.8867513459481287,10.066666666666666,16.6,3,-0.008798476732398667,0.022327769425401423,-0.03406472636119111,0.01646777289639377,3
cdc,audit,3,non_iid,0.5,federated,fedavg,logistic,none,calib_f1_optimal,global,Fruits,linear_shap_approximation,13.333333333333334,3.055050463303893,9.876218286875602,16.790448379791066,3,-0.0100987279634636,0.01873501673736945,-0.0312993951983847,0.011101939271457499,3
cdc,audit,3,non_iid,0.5,federated,fedprox,logistic,none,calib_f1_optimal,global,Fruits,linear_shap_approximation,13.333333333333334,3.055050463303893,9.876218286875602,16.790448379791066,3,-0.009990805934995432,0.01867624274674719,-0.03112496413847459,0.011143352268483729,3
cdc,audit,5,iid,0.5,federated,fedavg,logistic,none,calib_f1_optimal,global,PhysHlth,linear_shap_approximation,13.333333333333334,3.7859388972001824,9.049140164122694,17.617526502543974,3,0.0195820191858427,0.011910491525176092,0.006104029228890001,0.0330600091427954,3
cdc,audit,5,non_iid,0.5,federated,fedavg,logistic,none,calib_f1_optimal,global,Education,linear_shap_approximation,13.333333333333334,4.509249752822894,8.230636878407653,18.436029788259013,3,-0.016335993420127,0.017765655610803982,-0.03643972527661361,0.0037677384363596148,3
cdc,audit,5,non_iid,0.5,federated,fedprox,logistic,none,calib_f1_optimal,global,Education,linear_shap_approximation,13.333333333333334,4.509249752822894,8.230636878407653,18.436029788259013,3,-0.016489535005599267,0.017831040953728873,-0.036667257342949816,0.0036881873317512817,3
cdc,audit,3,iid,0.5,federated,fedavg,logistic,none,calib_f1_optimal,global,Education,linear_shap_approximation,13.666666666666666,6.3508529610858835,6.479999999999999,20.85333333333333,3,-0.0217565950166724,0.020310332991185006,-0.04473990040746394,0.0012267103741191374,3
cdc,audit,3,iid,0.5,federated,fedprox,logistic,none,calib_f1_optimal,global,Education,linear_shap_approximation,13.666666666666666,6.3508529610858835,6.479999999999999,20.85333333333333,3,-0.02184048001618157,0.020383705015223803,-0.04490681366831949,0.0012258536359563525,3
cdc,audit,3,iid,0.5,federated,fedavg,logistic,none,calib_f1_optimal,global,PhysActivity,linear_shap_approximation,14.333333333333334,2.5166114784235836,11.48551935688676,17.18114730977991,3,-0.016689676095824432,0.004423599346190627,-0.021695449991512447,-0.011683902200136417,3
cdc,audit,3,iid,0.5,federated,fedprox,logistic,none,calib_f1_optimal,global,PhysActivity,linear_shap_approximation,14.333333333333334,2.5166114784235836,11.48551935688676,17.18114730977991,3,-0.01671582073275697,0.004425512782150128,-0.02172375988506692,-0.011707881580447017,3
cdc,audit,3,non_iid,0.5,federated,fedavg,logistic,none,calib_f1_optimal,global,PhysActivity,linear_shap_approximation,14.333333333333334,2.5166114784235836,11.48551935688676,17.18114730977991,3,-0.015700474973280597,0.0035115183699612946,-0.019674132082557076,-0.011726817864004117,3
cdc,audit,3,non_iid,0.5,federated,fedprox,logistic,none,calib_f1_optimal,global,PhysActivity,linear_shap_approximation,14.333333333333334,2.5166114784235836,11.48551935688676,17.18114730977991,3,-0.015681186632072634,0.0034614223489845336,-0.019598154757004438,-0.011764218507140827,3
cdc,audit,5,non_iid,0.5,federated,fedavg,logistic,none,calib_f1_optimal,global,MentHlth,linear_shap_approximation,14.333333333333334,0.5773502691896257,13.68,14.986666666666668,3,0.011456156611694135,0.002816688769316053,0.008268773214085617,0.014643540009302652,3
cdc,audit,5,non_iid,0.5,federated,fedprox,logistic,none,calib_f1_optimal,global,MentHlth,linear_shap_approximation,14.333333333333334,0.5773502691896257,13.68,14.986666666666668,3,0.011501658376705666,0.0027685179266614627,0.008368785419085638,0.014634531334325695,3
cdc,audit,3,non_iid,0.5,federated,fedavg,logistic,none,calib_f1_optimal,global,MentHlth,linear_shap_approximation,14.666666666666666,1.5275252316519468,12.9381091434378,16.395224189895533,3,0.014747010637930899,0.001840174549963872,0.01266465710524692,0.016829364170614876,3
cdc,audit,3,non_iid,0.5,federated,fedprox,logistic,none,calib_f1_optimal,global,MentHlth,linear_shap_approximation,14.666666666666666,1.5275252316519468,12.9381091434378,16.395224189895533,3,0.014747236572936633,0.0018113298182852304,0.012697523926907412,0.016796949218965854,3
cdc,audit,5,iid,0.5,federated,fedavg,logistic,none,calib_f1_optimal,global,MentHlth,linear_shap_approximation,14.666666666666666,1.5275252316519468,12.9381091434378,16.395224189895533,3,0.0149563183772237,0.001221886219275187,0.013573623955493158,0.016339012798954243,3
cdc,audit,5,iid,0.5,federated,fedprox,logistic,none,calib_f1_optimal,global,MentHlth,linear_shap_approximation,14.666666666666666,1.5275252316519468,12.9381091434378,16.395224189895533,3,0.014888933978269833,0.0012521663824888295,0.013471974326189587,0.01630589363035008,3
cdc,audit,5,iid,0.5,federated,fedavg,logistic,none,calib_f1_optimal,global,PhysActivity,linear_shap_approximation,15.0,1.7320508075688772,13.04,16.96,3,-0.014595275554374433,0.004707812640829557,-0.01992266706950988,-0.009267884039238988,3
cdc,audit,5,iid,0.5,federated,fedprox,logistic,none,calib_f1_optimal,global,PhysActivity,linear_shap_approximation,15.333333333333334,1.5275252316519468,13.604775810104467,17.0618908565622,3,-0.014294129699850769,0.004256403233970371,-0.01911070338355905,-0.009477556016142488,3
cdc,audit,3,iid,0.5,federated,fedavg,logistic,none,calib_f1_optimal,global,MentHlth,linear_shap_approximation,15.666666666666666,0.5773502691896257,15.013333333333332,16.32,3,0.012249016241230433,0.000611928044609965,0.011556554471521154,0.012941478010939712,3
cdc,audit,3,iid,0.5,federated,fedprox,logistic,none,calib_f1_optimal,global,MentHlth,linear_shap_approximation,15.666666666666666,0.5773502691896257,15.013333333333332,16.32,3,0.012257678443995635,0.0006315658010030813,0.011542994460964257,0.012972362427027012,3
cdc,audit,3,iid,0.5,federated,fedavg,logistic,none,calib_f1_optimal,global,Smoker,linear_shap_approximation,16.666666666666668,2.3094010767585034,14.053333333333335,19.28,3,0.003918553937975334,0.010859142515736723,-0.008369722617097716,0.016206830493048382,3
cdc,audit,3,iid,0.5,federated,fedprox,logistic,none,calib_f1_optimal,global,Smoker,linear_shap_approximation,16.666666666666668,2.3094010767585034,14.053333333333335,19.28,3,0.003909944336033033,0.010845523114544882,-0.008362920415749167,0.016182809087815234,3
cdc,audit,5,non_iid,0.5,federated,fedavg,logistic,none,calib_f1_optimal,global,Smoker,linear_shap_approximation,16.666666666666668,1.5275252316519465,14.938109143437803,18.395224189895533,3,0.005749741611853466,0.002605783078413213,0.0028010204707810513,0.008698462752925882,3
cdc,audit,5,non_iid,0.5,federated,fedprox,logistic,none,calib_f1_optimal,global,Smoker,linear_shap_approximation,16.666666666666668,1.5275252316519465,14.938109143437803,18.395224189895533,3,0.005659293696186199,0.002636453655801475,0.0026758655295356076,0.00864272186283679,3
cdc,audit,3,non_iid,0.5,federated,fedavg,logistic,none,calib_f1_optimal,global,Smoker,linear_shap_approximation,17.333333333333332,3.2145502536643185,13.69572728295105,20.970939383715614,3,0.0015388234693517668,0.012494655081556862,-0.012600209781194258,0.01567785671989779,3
cdc,audit,3,non_iid,0.5,federated,fedprox,logistic,none,calib_f1_optimal,global,Smoker,linear_shap_approximation,17.333333333333332,3.2145502536643185,13.69572728295105,20.970939383715614,3,0.0014875614311560335,0.012478245916089904,-0.012632903100634923,0.015608025962946989,3
cdc,audit,5,non_iid,0.5,federated,fedavg,logistic,none,calib_f1_optimal,global,PhysActivity,linear_shap_approximation,17.333333333333332,2.3094010767585034,14.719999999999999,19.946666666666665,3,-0.007723655789796467,0.007358437947312688,-0.016050512204000895,0.0006032006244079628,3
cdc,audit,5,non_iid,0.5,federated,fedprox,logistic,none,calib_f1_optimal,global,PhysActivity,linear_shap_approximation,17.333333333333332,2.3094010767585034,14.719999999999999,19.946666666666665,3,-0.0078675655000551,0.007210692496832067,-0.016027232198070732,0.00029210119796053285,3
cdc,audit,5,iid,0.5,federated,fedavg,logistic,none,calib_f1_optimal,global,AnyHealthcare,linear_shap_approximation,17.666666666666668,1.5275252316519465,15.938109143437803,19.395224189895533,3,0.0047560406381396666,0.0009440400617594095,0.003687758741925798,0.005824322534353535,3
cdc,audit,5,iid,0.5,federated,fedprox,logistic,none,calib_f1_optimal,global,AnyHealthcare,linear_shap_approximation,17.666666666666668,1.5275252316519465,15.938109143437803,19.395224189895533,3,0.004661132609063866,0.0011078700753571582,0.003407459600044077,0.005914805618083656,3
cdc,audit,3,iid,0.5,federated,fedavg,logistic,none,calib_f1_optimal,global,Veggies,linear_shap_approximation,18.0,1.0,16.868393472388334,19.131606527611666,3,-0.0039938256144109,0.006188256714440792,-0.010996497307008826,0.0030088460781870245,3
cdc,audit,3,iid,0.5,federated,fedprox,logistic,none,calib_f1_optimal,global,Veggies,linear_shap_approximation,18.0,1.0,16.868393472388334,19.131606527611666,3,-0.0040041715693253,0.006178278381711106,-0.01099555171547163,0.00298720857682103,3
cdc,audit,3,non_iid,0.5,federated,fedavg,logistic,none,calib_f1_optimal,global,Stroke,linear_shap_approximation,18.0,1.0,16.868393472388334,19.131606527611666,3,-0.004007875750709366,0.002294084565726455,-0.006603876820178598,-0.001411874681240135,3
cdc,audit,3,non_iid,0.5,federated,fedprox,logistic,none,calib_f1_optimal,global,Stroke,linear_shap_approximation,18.0,1.0,16.868393472388334,19.131606527611666,3,-0.004034963285726033,0.0023219861522724293,-0.006662537972661411,-0.001407388598790655,3
cdc,audit,3,iid,0.5,federated,fedavg,logistic,none,calib_f1_optimal,global,Stroke,linear_shap_approximation,18.333333333333332,2.081665999466133,15.977706500030191,20.688960166636473,3,-0.004770479196210033,0.0011004943945602974,-0.006015805836694514,-0.0035251525557255517,3
cdc,audit,3,iid,0.5,federated,fedprox,logistic,none,calib_f1_optimal,global,Stroke,linear_shap_approximation,18.333333333333332,2.081665999466133,15.977706500030191,20.688960166636473,3,-0.004781291256964934,0.0011022907333891338,-0.006028650646193928,-0.003533931867735939,3
cdc,audit,5,iid,0.5,federated,fedavg,logistic,none,calib_f1_optimal,global,Stroke,linear_shap_approximation,18.333333333333332,1.5275252316519465,16.604775810104467,20.061890856562197,3,-0.004131289680104633,0.0006809911713831678,-0.004901903734887741,-0.003360675625321525,3
cdc,audit,5,iid,0.5,federated,fedavg,logistic,none,calib_f1_optimal,global,Veggies,linear_shap_approximation,18.333333333333332,3.0550504633038935,14.8762182868756,21.790448379791066,3,-0.004550769124722873,0.005319307182249495,-0.010570131854528021,0.0014685936050822758,3
cdc,audit,5,iid,0.5,federated,fedprox,logistic,none,calib_f1_optimal,global,Stroke,linear_shap_approximation,18.333333333333332,1.5275252316519465,16.604775810104467,20.061890856562197,3,-0.0040994489951077665,0.0006254918377021909,-0.004807259641619383,-0.00339163834859615,3
cdc,audit,5,iid,0.5,federated,fedprox,logistic,none,calib_f1_optimal,global,Veggies,linear_shap_approximation,18.333333333333332,3.0550504633038935,14.8762182868756,21.790448379791066,3,-0.00438039832262468,0.005398318654868935,-0.010489170950602198,0.001728374305352838,3
cdc,audit,5,non_iid,0.5,federated,fedavg,logistic,none,calib_f1_optimal,global,AnyHealthcare,linear_shap_approximation,18.333333333333332,1.1547005383792515,17.026666666666664,19.64,3,0.004396566113600567,0.0025106846477757554,0.0015554589774031242,0.007237673249798009,3
cdc,audit,5,non_iid,0.5,federated,fedprox,logistic,none,calib_f1_optimal,global,AnyHealthcare,linear_shap_approximation,18.333333333333332,1.1547005383792515,17.026666666666664,19.64,3,0.004419678210621634,0.0024940396899746425,0.0015974066173237507,0.007241949803919517,3
cdc,audit,3,iid,0.5,federated,fedavg,logistic,none,calib_f1_optimal,global,AnyHealthcare,linear_shap_approximation,18.666666666666668,1.5275252316519468,16.938109143437803,20.395224189895533,3,0.004327040773632267,0.0014868839489089662,0.0026444731912458686,0.006009608356018665,3
cdc,audit,3,iid,0.5,federated,fedprox,logistic,none,calib_f1_optimal,global,AnyHealthcare,linear_shap_approximation,18.666666666666668,1.5275252316519468,16.938109143437803,20.395224189895533,3,0.004337104582680399,0.0014789916979649333,0.0026634679229798185,0.00601074124238098,3
cdc,audit,3,non_iid,0.5,federated,fedavg,logistic,none,calib_f1_optimal,global,AnyHealthcare,linear_shap_approximation,18.666666666666668,0.5773502691896258,18.013333333333335,19.32,3,0.0042603815103856,0.002511633332391554,0.0014182008364842743,0.007102562184286926,3
cdc,audit,3,non_iid,0.5,federated,fedprox,logistic,none,calib_f1_optimal,global,AnyHealthcare,linear_shap_approximation,18.666666666666668,0.5773502691896258,18.013333333333335,19.32,3,0.0042830666049617,0.002505303203610501,0.0014480491461096373,0.007118084063813763,3
cdc,audit,5,non_iid,0.5,federated,fedavg,logistic,none,calib_f1_optimal,global,Veggies,linear_shap_approximation,18.666666666666668,2.081665999466133,16.311039833363527,21.02229349996981,3,-0.004785830449901967,0.0047236902769954145,-0.010131189201765738,0.0005595283019618055,3
cdc,audit,5,non_iid,0.5,federated,fedprox,logistic,none,calib_f1_optimal,global,Veggies,linear_shap_approximation,18.666666666666668,2.081665999466133,16.311039833363527,21.02229349996981,3,-0.004792248460832967,0.004713478615234547,-0.01012605162959038,0.0005415547079244453,3
cdc,audit,3,non_iid,0.5,federated,fedavg,logistic,none,calib_f1_optimal,global,NoDocbcCost,linear_shap_approximation,19.333333333333332,1.1547005383792515,18.026666666666664,20.64,3,-0.002405095947441967,0.0011202608532952742,-0.0036727904416587144,-0.001137401453225219,3
cdc,audit,3,non_iid,0.5,federated,fedprox,logistic,none,calib_f1_optimal,global,NoDocbcCost,linear_shap_approximation,19.333333333333332,1.1547005383792515,18.026666666666664,20.64,3,-0.0024043368748147666,0.0011872345229407021,-0.0037478192107803883,-0.0010608545388491452,3
cdc,audit,5,iid,0.5,federated,fedavg,logistic,none,calib_f1_optimal,global,NoDocbcCost,linear_shap_approximation,19.333333333333332,2.081665999466133,16.97770650003019,21.688960166636473,3,-0.0016589048458809,0.00228007900911015,-0.004239057136060286,0.0009212474442984863,3
cdc,audit,5,iid,0.5,federated,fedavg,logistic,none,calib_f1_optimal,global,Smoker,linear_shap_approximation,19.333333333333332,1.5275252316519465,17.604775810104467,21.061890856562197,3,0.0017849225712778197,0.005828419127006801,-0.004810554558499768,0.008380399701055408,3
cdc,audit,5,iid,0.5,federated,fedprox,logistic,none,calib_f1_optimal,global,NoDocbcCost,linear_shap_approximation,19.333333333333332,2.081665999466133,16.97770650003019,21.688960166636473,3,-0.0018127184594740333,0.002186872779559224,-0.0042873979718795205,0.0006619610529314537,3
cdc,audit,5,iid,0.5,federated,fedprox,logistic,none,calib_f1_optimal,global,Smoker,linear_shap_approximation,19.333333333333332,1.5275252316519465,17.604775810104467,21.061890856562197,3,0.001763184795764575,0.005809934301800999,-0.004811374785148366,0.008337744376677517,3
cdc,audit,5,non_iid,0.5,federated,fedavg,logistic,none,calib_f1_optimal,global,NoDocbcCost,linear_shap_approximation,19.333333333333332,2.886751345948129,16.066666666666666,22.599999999999998,3,-0.0023316548979352664,0.00045372398057617343,-0.0028450919160892133,-0.0018182178797813194,3
cdc,audit,5,non_iid,0.5,federated,fedprox,logistic,none,calib_f1_optimal,global,NoDocbcCost,linear_shap_approximation,19.333333333333332,2.886751345948129,16.066666666666666,22.599999999999998,3,-0.0022977107160993336,0.00045462569426411365,-0.0028121681193485903,-0.0017832533128500768,3
cdc,audit,3,non_iid,0.5,federated,fedavg,logistic,none,calib_f1_optimal,global,Veggies,linear_shap_approximation,19.666666666666668,2.3094010767585034,17.053333333333335,22.28,3,-0.0010251105712155333,0.0017318122244287363,-0.0029848405889767718,0.0009346194465457052,3
cdc,audit,3,non_iid,0.5,federated,fedprox,logistic,none,calib_f1_optimal,global,Veggies,linear_shap_approximation,19.666666666666668,2.3094010767585034,17.053333333333335,22.28,3,-0.0010716143016465333,0.0017338719775647248,-0.003033675149501725,0.0008904465462086584,3
cdc,audit,5,non_iid,0.5,federated,fedavg,logistic,none,calib_f1_optimal,global,Stroke,linear_shap_approximation,19.666666666666668,0.5773502691896258,19.013333333333335,20.32,3,-0.0018938665836405334,0.0008881049265438689,-0.002898851915721655,-0.0008888812515594118,3
cdc,audit,5,non_iid,0.5,federated,fedprox,logistic,none,calib_f1_optimal,global,Stroke,linear_shap_approximation,19.666666666666668,0.5773502691896258,19.013333333333335,20.32,3,-0.0019416497130552,0.0008299729927279769,-0.002880852569367569,-0.0010024468567428313,3
cdc,audit,3,iid,0.5,federated,fedavg,logistic,none,calib_f1_optimal,global,NoDocbcCost,linear_shap_approximation,20.666666666666668,0.5773502691896258,20.013333333333335,21.32,3,-0.0013250589751626002,0.0010827440495828355,-0.002550299209403227,-9.981874092197351e-05,3
cdc,audit,3,iid,0.5,federated,fedprox,logistic,none,calib_f1_optimal,global,NoDocbcCost,linear_shap_approximation,20.666666666666668,0.5773502691896258,20.013333333333335,21.32,3,-0.0013076679852623001,0.0010862945759813165,-0.002536926018351905,-7.840995217269484e-05,3
