dataset,experiment_track,clients,partition,alpha,run_type,algorithm,model,calibration,threshold_strategy,accuracy_mean,accuracy_std,accuracy_ci95_low,accuracy_ci95_high,accuracy_n,precision_mean,precision_std,precision_ci95_low,precision_ci95_high,precision_n,recall_mean,recall_std,recall_ci95_low,recall_ci95_high,recall_n,specificity_mean,specificity_std,specificity_ci95_low,specificity_ci95_high,specificity_n,balanced_accuracy_mean,balanced_accuracy_std,balanced_accuracy_ci95_low,balanced_accuracy_ci95_high,balanced_accuracy_n,f1_mean,f1_std,f1_ci95_low,f1_ci95_high,f1_n,pr_auc_mean,pr_auc_std,pr_auc_ci95_low,pr_auc_ci95_high,pr_auc_n,brier_mean,brier_std,brier_ci95_low,brier_ci95_high,brier_n,log_loss_mean,log_loss_std,log_loss_ci95_low,log_loss_ci95_high,log_loss_n,ece_mean,ece_std,ece_ci95_low,ece_ci95_high,ece_n,roc_auc_mean,roc_auc_std,roc_auc_ci95_low,roc_auc_ci95_high,roc_auc_n,selection_rate_mean,selection_rate_std,selection_rate_ci95_low,selection_rate_ci95_high,selection_rate_n,decision_threshold_mean,decision_threshold_std,decision_threshold_ci95_low,decision_threshold_ci95_high,decision_threshold_n
cdc,audit,3,iid,0.5,federated,fedavg,logistic,federated_isotonic,calib_f1_optimal,0.8048525701671397,0.010545112388943399,0.7929196521534128,0.8167854881808667,3,0.37405946135122514,0.010817208751389654,0.36181863731761454,0.38630028538483574,3,0.5904182581223182,0.0413096185497049,0.5436720241183242,0.6371644921263122,3,0.839566110182365,0.01893706056590583,0.8181368088322085,0.8609954115325216,3,0.7149921841523416,0.01119053447808533,0.7023289022894768,0.7276554660152064,3,0.4572718523535197,0.003916132142464396,0.4528403316581171,0.4617033730489223,3,0.39721617965299566,0.005406736996700584,0.3910978807744498,0.40333447853154153,3,0.0989350682003215,0.0004320242514004737,0.09844618673735017,0.09942394966329282,3,0.3185570849296329,0.001730827652371365,0.3165984690600387,0.32051570079922714,3,0.004495405191365,0.0004580867753404177,0.0039770312061772044,0.005013779176552796,3,0.8213284181653385,0.0022128744311675852,0.8188243150142444,0.8238325213164327,3,0.22034321454851255,0.02205317283813057,0.1953877002103357,0.2452987288866894,3,0.2333333333333333,0.028867513459481284,0.20066666666666666,0.26599999999999996,3
cdc,audit,3,iid,0.5,federated,fedavg,logistic,federated_sigmoid,calib_f1_optimal,0.7986571008094187,0.013781729233503657,0.7830616060470094,0.8142525955718279,3,0.3679190783574385,0.015726016456919116,0.3501234154814603,0.38571474123341665,3,0.6124864431555618,0.04447204990827655,0.5621615811830842,0.6628113051280393,3,0.828795200036641,0.02320168695362275,0.802540019628319,0.855050380444963,3,0.7206408215961014,0.010659356473015998,0.7085786242310969,0.732703018961106,3,0.4587316079146378,0.0015020699295412885,0.45703185577743966,0.46043136005183594,3,0.4008344576430991,0.005616789228019298,0.39447846228845357,0.40719045299774465,3,0.10174435847575057,0.0007537149774519538,0.10089144968730726,0.10259726726419388,3,0.33443608004167413,0.0020939643450689207,0.33206653632020805,0.3368056237631402,3,0.03825105062549456,0.002791196750970589,0.03509251416224777,0.04140958708874135,3,0.8214243599364601,0.002182887537315032,0.8189541901501923,0.8238945297227279,3,0.232688163565647,0.02616054788849961,0.20308471680912324,0.26229161032217074,3,0.1606,0.020741986404392426,0.1371282327891571,0.1840717672108429,3
cdc,audit,3,iid,0.5,federated,fedavg,logistic,global_isotonic,calib_f1_optimal,0.8006280878797435,0.011488104600556217,0.7876280737238684,0.8136281020356185,3,0.36985505652634565,0.01329585595478619,0.35480937913772514,0.38490073391496615,3,0.6069693968972509,0.03797854836450075,0.5639926236587665,0.6499461701357354,3,0.8319783818444133,0.019478145363564698,0.8099367854052346,0.854019978283592,3,0.7194738893708322,0.009289826608066215,0.708961460940764,0.7299863178009005,3,0.4589258984278901,0.0018404202806708942,0.45684326682473403,0.4610085300310462,3,0.39395153850840253,0.004883192171551241,0.38842568637149294,0.3994773906453121,3,0.09884912180760107,0.0004333264001608645,0.09835876682459258,0.09933947679060956,3,0.31828019923585454,0.0015125648790044824,0.3165685709453369,0.3199918275263722,3,0.0035867756770233,0.0009325051626611291,0.0025315467479243878,0.004642004606122213,3,0.8211902689908185,0.0021699090987522735,0.8187347856903464,0.8236457522912906,3,0.22917980658046877,0.022047799437507253,0.20423037281751272,0.2541292403434248,3,0.24123333333333333,0.015184312079687153,0.22405066666666668,0.258416,3
cdc,audit,3,iid,0.5,federated,fedavg,logistic,global_sigmoid,calib_f1_optimal,0.7981117943866289,0.014202968933390497,0.7820396220301385,0.8141839667431193,3,0.36738754547271296,0.016310018886211558,0.3489310216356064,0.3858440693098195,3,0.6141368416089027,0.04488011302231793,0.5633502127528983,0.6649234704649071,3,0.8278944435538659,0.023734085707522997,0.801036797240338,0.8547520898673937,3,0.7210156425813844,0.010653382912028242,0.7089602049369866,0.7330710802257822,3,0.45874330012553655,0.002103398839846223,0.4563630802681958,0.4611235199828773,3,0.4008344576430991,0.005616789228019298,0.39447846228845357,0.40719045299774465,3,0.10188434898523273,0.0007198853949069652,0.1010697219732237,0.10269897599724176,3,0.334408676093973,0.002175469628787018,0.33194690046141667,0.33687045172652935,3,0.03667755381084267,0.003219049278715249,0.03303485663434487,0.040320250987340475,3,0.8214243599364601,0.002182887537315032,0.8189541901501923,0.8238945297227279,3,0.23369336697151266,0.02666500274753015,0.20351907580362452,0.26386765813940083,3,0.16033333333333333,0.021183090740808652,0.136362409576044,0.18430425709062265,3
cdc,audit,3,iid,0.5,federated,fedavg,logistic,none,calib_f1_optimal,0.7972117102911804,0.014931203846082725,0.7803154625538528,0.8141079580285081,3,0.3664345813560225,0.01702282319119001,0.34717144351449264,0.3856977191975524,3,0.6162587824774839,0.04710609604176976,0.5629532167063152,0.6695643482486526,3,0.8265051411821284,0.024951964665063293,0.7982693350904071,0.8547409472738496,3,0.7213819618298061,0.01113035887697377,0.7087867750699621,0.73397714858965,3,0.45849334458786356,0.0017820718873813083,0.45647674040742964,0.4605099487682975,3,0.4008344576430991,0.005616789228019298,0.39447846228845357,0.40719045299774465,3,0.09929777156225128,0.0005682347792516693,0.09865475337683412,0.09994078974766844,3,0.3205999472467225,0.0014316317029179194,0.3189799034665648,0.32221999102688026,3,0.012853261003507234,0.0021967145449844692,0.010367444485103317,0.015339077521911151,3,0.8214243599364601,0.002182887537315032,0.8189541901501923,0.8238945297227279,3,0.2351847471880584,0.028028554211648946,0.203467452282639,0.2669020420934778,3,0.21263333333333334,0.025672228834546743,0.1835824716058198,0.24168419506084687,3
cdc,audit,3,iid,0.5,federated,fedprox,logistic,federated_isotonic,calib_f1_optimal,0.7996885840428888,0.00812857147910071,0.7904902394969804,0.8088869285887972,3,0.36813312949328325,0.008573633045134598,0.35843115037406187,0.37783510861250463,3,0.6084311783844957,0.030019110125496892,0.5744613574133899,0.6424009993556015,3,0.8306501477087961,0.014267121801360375,0.814505379548146,0.8467949158694462,3,0.7195406630466459,0.007944009109488111,0.7105511704829426,0.7285301556103492,3,0.45834226605515,0.002709104460696755,0.4552766257634437,0.4614079063468563,3,0.3970732994237276,0.005344426060604851,0.39102551200720925,0.40312108684024595,3,0.0989344733036601,0.00043148504516124004,0.09844620200998883,0.09942274459733139,3,0.3185636249454799,0.0017141536877338282,0.3166238774431107,0.3205033724478491,3,0.004458305647983,0.0004593571802034576,0.0039384940643594785,0.004978117231606521,3,0.8213032774074654,0.002191879461058071,0.8188229323015942,0.8237836225133367,3,0.23052664774519074,0.016446148077356615,0.21191607922678593,0.24913721626359556,3,0.21666666666666667,0.028867513459481284,0.184,0.24933333333333335,3
cdc,audit,3,iid,0.5,federated,fedprox,logistic,federated_sigmoid,calib_f1_optimal,0.7986308209818143,0.013770477639541258,0.7830480585965789,0.8142135833670496,3,0.367837797466355,0.015714407643686052,0.35005527119920915,0.3856203237335008,3,0.6122506719479417,0.044362268352585874,0.562050039500495,0.6624513043953884,3,0.828802833566156,0.023171755817901575,0.802581523426395,0.8550241437059171,3,0.7205267527570488,0.010617377268782275,0.7085120593335791,0.7325414461805185,3,0.45860465415964,0.0014522665153042396,0.4569612598910899,0.46024804842819017,3,0.40085721386611944,0.005628494509158861,0.3944879727389288,0.40722645499331006,3,0.10174251972055881,0.0007546816845795486,0.10088851700001962,0.102596522441098,3,0.33442806703944733,0.0020985425538844757,0.3320533425870008,0.33680279149189385,3,0.03818794932396883,0.002774869186558035,0.035047889239191284,0.041328009408746376,3,0.8214227444660747,0.0021813859132191423,0.8189542739274357,0.8238912150047136,3,0.23264874382424047,0.026119902099343926,0.20309129210804522,0.2622061955404357,3,0.16063333333333332,0.020709981490415034,0.13719778309206287,0.18406888357460377,3
cdc,audit,3,iid,0.5,federated,fedprox,logistic,global_isotonic,calib_f1_optimal,0.8006543677073479,0.011635018981624697,0.7874881042788557,0.81382063113584,3,0.3699055983957278,0.01349702555925669,0.3546322761695314,0.38517892062192416,3,0.6068750884142028,0.0383932544892338,0.56342903101793,0.6503211458104756,3,0.8320241830215037,0.01971541181164781,0.8097140943208909,0.8543342717221165,3,0.7194496357178534,0.009379929733630386,0.7088352460027385,0.7300640254329682,3,0.4589199702333227,0.0018520220986076453,0.45682420993725725,0.46101573052938816,3,0.3941465202734184,0.004677876376545462,0.3888530048303591,0.3994400357164777,3,0.09884966307090988,0.0004316856668265408,0.09836116475245257,0.09933816138936719,3,0.31827701224037197,0.0015106835466502714,0.316567512877827,0.31998651160291697,3,0.0034341909671488,0.0010135853589033322,0.0022872111587221755,0.004581170775575424,3,0.8211944880033825,0.002163445782636731,0.8187463186336168,0.8236426573731481,3,0.22912724692526013,0.022309527685550504,0.203881639768358,0.25437285408216226,3,0.24113333333333334,0.015357517160444051,0.22375466666666666,0.258512,3
cdc,audit,3,iid,0.5,federated,fedprox,logistic,global_sigmoid,calib_f1_optimal,0.7971460107221696,0.014902187342175074,0.7802825982500724,0.8140094231942668,3,0.3663406224035324,0.016956137389885804,0.34715294665005736,0.3855282981570074,3,0.6163530909605319,0.04704927724393418,0.563111821711885,0.6695943602091788,3,0.8264135388279478,0.024912651310250264,0.7982222199851552,0.8546048576707403,3,0.7213833148942399,0.01111289957097683,0.7088078851990296,0.7339587445894502,3,0.4584500775504597,0.0016625120733268113,0.45656876803604984,0.46033138706486953,3,0.40085721386611944,0.005628494509158861,0.3944879727389288,0.40722645499331006,3,0.10188251480645437,0.0007208408611053071,0.10106680658265839,0.10269822303025035,3,0.3344006122860228,0.00218013077867383,0.3319335620658284,0.3368676625062172,3,0.03665100408534077,0.003212070074798322,0.03301620462155289,0.04028580354912865,3,0.8214227444660747,0.0021813859132191423,0.8189542739274357,0.8238912150047136,3,0.23527672658467358,0.02798845362120237,0.2036048097691646,0.26694864340018254,3,0.1594,0.021915063312707993,0.13460077130231668,0.1841992286976833,3
cdc,audit,3,iid,0.5,federated,fedprox,logistic,none,calib_f1_optimal,0.7972248502049827,0.014852809834890207,0.7804173136424462,0.8140323867675192,3,0.36641091827954475,0.016915901440443505,0.34726877378910326,0.38555306276998624,3,0.6160701655113878,0.04691190617637078,0.5629843462595006,0.6691559847632751,3,0.8265509423592187,0.02483113466526525,0.7984518682840002,0.8546500164344372,3,0.7213105539353032,0.011089516686630394,0.7087615844646538,0.7338595234059526,3,0.4584323227076586,0.001732282904079638,0.456472060065732,0.4603925853495852,3,0.40085721386611944,0.005628494509158861,0.3944879727389288,0.40722645499331006,3,0.09929670070587514,0.0005684606950075887,0.09865342687271389,0.09993997453903639,3,0.32060734605649716,0.0014250313328920737,0.31899477129814535,0.32221992081484896,3,0.012868936090474632,0.0021203489879419507,0.010469535334904731,0.015268336846044533,3,0.8214227444660747,0.0021813859132191423,0.8189542739274357,0.8238912150047136,3,0.23511904761904756,0.027898282858941,0.20354916862671324,0.2666889266113819,3,0.21273333333333333,0.025597135256378457,0.18376744798905673,0.24169921867760993,3
cdc,audit,3,non_iid,0.5,federated,fedavg,logistic,federated_isotonic,calib_f1_optimal,0.803361189950594,0.002641514881346768,0.8003720344680787,0.8063503454331094,3,0.3713500407727923,0.0021795066148793596,0.36888369686042205,0.3738163846851626,3,0.5933889753383317,0.013733060634602102,0.5778485542801292,0.6089293963965342,3,0.8373523866230029,0.005289705487778784,0.8313665213638892,0.8433382518821166,3,0.7153706809806674,0.004224589255529905,0.7105901082026316,0.7201512537587031,3,0.45675750748202737,0.0024188404447094093,0.4540203318455431,0.45949468311851166,3,0.3955641081099304,0.004756189239864096,0.39018197331954385,0.400946242900317,3,0.10064421348698123,0.002730582120015409,0.09755426893579208,0.10373415803817038,3,0.32302992711789563,0.006948705576644763,0.3151667265289128,0.33089312770687845,3,0.015452635827432067,0.017732132157686816,-0.00461316067067908,0.03551843232554321,3,0.8210251405969738,0.0019179382147093973,0.8188547891936528,0.8231954920002948,3,0.22266240933459472,0.006465198127027368,0.21534634893174784,0.2299784697374416,3,0.23163333333333336,0.04352129746840429,0.18238434902795797,0.28088231763870875,3
cdc,audit,3,non_iid,0.5,federated,fedavg,logistic,federated_sigmoid,calib_f1_optimal,0.80503652896037,0.014651373628960329,0.7884569389233611,0.821616118997379,3,0.3745707534288123,0.015590908147957066,0.35692797999719017,0.3922135268604344,3,0.5875890036308765,0.05180633315976391,0.5289646188556629,0.6462133884060901,3,0.8402378607796887,0.025400834138650952,0.81149411106161,0.8689816104977673,3,0.7139134322052826,0.0132206457781004,0.6989528631435425,0.7288740012670226,3,0.4563043955881531,0.003329824860461259,0.45253634404025156,0.46007244713605466,3,0.40043950239526543,0.005383328145867752,0.39434769312512585,0.406531311665405,3,0.10341035856175561,0.0028924215008061427,0.10013727551083905,0.10668344161267217,3,0.34034422774541445,0.00917605441294174,0.32996054467400976,0.35072791081681914,3,0.04961915441820044,0.01859446805153243,0.028577532993619755,0.07066077584278112,3,0.821224334250697,0.001984680333071997,0.8189784570305702,0.8234702114708238,3,0.2193708609271523,0.02907598763339974,0.18646828352444106,0.25227343832986354,3,0.167,0.02237029280094474,0.14168563064186668,0.19231436935813334,3
cdc,audit,3,non_iid,0.5,federated,fedavg,logistic,global_isotonic,calib_f1_optimal,0.8067512877115526,0.008887913360696602,0.7966936669357414,0.8168089084873638,3,0.3760389608665225,0.009463958932173598,0.3653294831618261,0.3867484385712189,3,0.5835808931013345,0.035046610840896865,0.5439219195031099,0.6232398666995592,3,0.8428790619918932,0.015989186986270044,0.8247855936270265,0.8609725303567599,3,0.7132299775466139,0.009547151795184575,0.7024263582550836,0.7240335968381442,3,0.45684572780978744,0.003606970292224692,0.4527640566822046,0.4609273989373703,3,0.39442775219068493,0.004463865928764474,0.38937641236731174,0.3994790920140581,3,0.0988844008540211,0.00041717926665474185,0.09841231807269035,0.09935648363535185,3,0.31841606042985954,0.0014125093898818594,0.31681765558395647,0.3200144652757626,3,0.003452458840062,0.0015782556136759239,0.0016664944853865677,0.005238423194737432,3,0.8210103081815469,0.0019512333982737264,0.8188022797311664,0.8232183366319273,3,0.2165392095027856,0.018639914871163822,0.19544616016045085,0.23763225884512035,3,0.23863333333333334,0.010335537399348584,0.22693757174585596,0.2503290949208107,3
cdc,audit,3,non_iid,0.5,federated,fedavg,logistic,global_sigmoid,calib_f1_optimal,0.8080718490486701,0.00942853825877885,0.7974024536091997,0.8187412444881406,3,0.37760242524714016,0.010371943776651306,0.3658654659654603,0.38933938452882,3,0.5783939265336918,0.036143749197747654,0.5374934240091617,0.619294429058222,3,0.8452530896710712,0.01679375799351839,0.8262491635024751,0.8642570158396672,3,0.7118235081023814,0.00969632170504696,0.7008510871671275,0.7227959290376352,3,0.4563332275276076,0.0034209824425172524,0.4524620214648101,0.460204433590405,3,0.40043950239526543,0.005383328145867752,0.39434769312512585,0.406531311665405,3,0.1022744244038754,0.0007788108245472454,0.1013931169910431,0.10315573181670769,3,0.33654790307426813,0.003052103202033492,0.33309412316790254,0.3400016829806337,3,0.0399668037742943,0.007119729718041939,0.03191007115052727,0.048023536398061326,3,0.821224334250697,0.001984680333071997,0.8189784570305702,0.8234702114708238,3,0.21377325764742983,0.01948469010958225,0.19172425513093608,0.23582226016392357,3,0.1711,0.018376887658142774,0.15030459396885937,0.19189540603114064,3
cdc,audit,3,non_iid,0.5,federated,fedavg,logistic,none,calib_f1_optimal,0.8050233890465678,0.014657444272410877,0.7884369294298034,0.8216098486633322,3,0.37455658489308946,0.01560598683445913,0.3568967483213938,0.39221642146478514,3,0.5876361578724006,0.05176202087470547,0.5290619171682126,0.6462103985765887,3,0.8402149601911436,0.025400059885117968,0.8114720866234169,0.8689578337588704,3,0.7139255590317721,0.013200216433021359,0.6989881079502783,0.7288630101132659,3,0.4563090561547391,0.0033209292491171247,0.45255107093870167,0.46006704137077653,3,0.40043950239526543,0.005383328145867752,0.39434769312512585,0.406531311665405,3,0.1014264821254185,0.003370317607931795,0.09761260872015834,0.10524035553067865,3,0.3273595638009405,0.010902608527459138,0.31502210082327314,0.33969702677860786,3,0.026799707672030066,0.025498819194495377,-0.00205492257485056,0.055654337918910696,3,0.821224334250697,0.001984680333071997,0.8189784570305702,0.8234702114708238,3,0.2193971407547566,0.029068860989971138,0.18650262790826913,0.25229165360124406,3,0.19563333333333333,0.07227408479761839,0.11384750719918924,0.2774191594674774,3
cdc,audit,3,non_iid,0.5,federated,fedprox,logistic,federated_isotonic,calib_f1_optimal,0.8054175864606328,0.007109373403920329,0.7973725731095278,0.8134625998117377,3,0.3741756853358377,0.007871758699954023,0.36526795180718585,0.3830834188644896,3,0.5874003866647804,0.028747346567435758,0.5548697016375553,0.6199310716920056,3,0.8407111396096214,0.01290757160162558,0.8261048473296069,0.8553174318896359,3,0.714055763137201,0.007930250107802003,0.7050818403496191,0.7230296859247829,3,0.45678919817099367,0.00321537171521911,0.4531506625493538,0.4604277337926335,3,0.39514087120275887,0.004918881293198876,0.38957463302282813,0.4007071093826896,3,0.10064768024358363,0.0027267292572518715,0.0975620956170477,0.10373326487011955,3,0.3230406084800216,0.006930876522913778,0.3151975833646219,0.3308836335954213,3,0.015947764175297637,0.018493284781156163,-0.004979357600040167,0.03687488595063544,3,0.8209728111269591,0.0019041120000656442,0.8188181055583811,0.8231275166955371,3,0.21893724377168086,0.015111906328095746,0.20183651192615165,0.23603797561721007,3,0.22983333333333333,0.04114101765067721,0.1832778892072402,0.27638877745942647,3
cdc,audit,3,non_iid,0.5,federated,fedprox,logistic,federated_sigmoid,calib_f1_optimal,0.8099705665930831,0.006106445372577875,0.8030604731489699,0.8168806600371963,3,0.37965343123730316,0.006827036254979471,0.3719279124469269,0.3873789500276794,3,0.5722167208940444,0.025121485789133507,0.5437890835917573,0.6006443581963316,3,0.8484591720673889,0.011142362096347119,0.8358504023861496,0.8610679417486281,3,0.7103379464807166,0.007019856496695715,0.7023942310461585,0.7182816619152746,3,0.45618300488757213,0.003095586274415932,0.452680019252658,0.45968599052248627,3,0.400454738738152,0.005398815763589252,0.3943454035787017,0.40656407389760235,3,0.10339864825741718,0.0028770801226832613,0.10014292561012703,0.10665437090470734,3,0.3402916547751465,0.009103182781540091,0.32999043371751363,0.35059287583277937,3,0.04957441389612399,0.01849337010144909,0.028647195571785772,0.07050163222046221,3,0.8212271861606487,0.0019838763729970368,0.8189822187069907,0.8234721536143067,3,0.21015321139493318,0.013082282226041226,0.19534921543188685,0.2249572073579795,3,0.16990000000000002,0.017393389548906218,0.1502175268491652,0.18958247315083485,3
cdc,audit,3,non_iid,0.5,federated,fedprox,logistic,global_isotonic,calib_f1_optimal,0.8043335435719543,0.005119307719188684,0.7985405015400676,0.810126585603841,3,0.37294636439456547,0.005753644387545174,0.36643550284806314,0.3794572259410678,3,0.5923515820248032,0.019028883692364707,0.5708183730253601,0.6138847910242463,3,0.83865008664056,0.008993907923445954,0.8284725217256502,0.8488276515554697,3,0.7155008343326816,0.005080275550353562,0.7097519613578356,0.7212497073075277,3,0.4575540385160475,0.001957783140856955,0.4553385983342057,0.45976947869788926,3,0.3941417119581531,0.0038389237923950347,0.3897975607356752,0.39848586318063106,3,0.0988811252931489,0.0004164457412236322,0.09840987257398415,0.09935237801231364,3,0.31841047465129463,0.0014122739176807644,0.3168123362672714,0.32000861303531786,3,0.0034276713149085335,0.0015176729160667748,0.001710262736307938,0.005145079893509129,3,0.8209982553254594,0.0019091364523440425,0.8188378640538856,0.8231586465970333,3,0.22140097760958685,0.010377429422458255,0.20965781073530373,0.23314414448386997,3,0.2391,0.00995138181359754,0.227838951380977,0.25036104861902303,3
cdc,audit,3,non_iid,0.5,federated,fedprox,logistic,global_sigmoid,calib_f1_optimal,0.8080192893934616,0.009485964420660287,0.7972849101343503,0.8187536686525728,3,0.37759141391304335,0.010410369910668724,0.3658109713672785,0.3893718564588082,3,0.578865468948932,0.036479558670310865,0.5375849622332154,0.6201459756646486,3,0.8451156861398005,0.016912380521240042,0.8259775259445129,0.8642538463350881,3,0.7119905775443662,0.00980907567267863,0.7008905634833263,0.7230905916054061,3,0.4564644850875679,0.0035152440782809814,0.45248661194243683,0.4604423582326989,3,0.400454738738152,0.005398815763589252,0.3943454035787017,0.40656407389760235,3,0.10226483557377768,0.0007760791307047941,0.10138661936352894,0.10314305178402641,3,0.33649746529554775,0.0030065715393245056,0.3330952093159167,0.3398997212751788,3,0.03986308623853103,0.007004821687570663,0.0319363842921203,0.047789788184941756,3,0.8212271861606487,0.0019838763729970368,0.8189822187069907,0.8234721536143067,3,0.21395721644066013,0.019632558214282322,0.1917408854116622,0.23617354746965805,3,0.17106666666666667,0.01835356459474109,0.15029765316631527,0.19183568016701807,3
cdc,audit,3,non_iid,0.5,federated,fedprox,logistic,none,calib_f1_optimal,0.80503652896037,0.014685802484833883,0.7884179790053164,0.8216550789154237,3,0.3745770716320152,0.015667263524860666,0.3568478939574707,0.3923062493065597,3,0.5875890036308765,0.051687609445206846,0.529098967386038,0.646079039875715,3,0.8402378607796887,0.025420255020158804,0.8114721342653237,0.8690035872940536,3,0.7139134322052826,0.013154436744917236,0.6990277857176794,0.7287990786928857,3,0.456309276113942,0.0032797470757530054,0.4525978929141046,0.4600206593137794,3,0.400454738738152,0.005398815763589252,0.3943454035787017,0.40656407389760235,3,0.10137350932906597,0.0032819364606842525,0.09765964860694894,0.105087370051183,3,0.3271518086078547,0.010535173510926055,0.31523013749336926,0.33907347972234014,3,0.02658317653400946,0.024968448501246427,-0.0016712827743367263,0.05483763584235565,3,0.8212271861606487,0.0019838763729970368,0.8189822187069907,0.8234721536143067,3,0.2193708609271523,0.02907556008405364,0.186468767342072,0.25227295451223264,3,0.19606666666666664,0.07161384875380832,0.11502796794946255,0.27710536538387076,3
cdc,audit,5,iid,0.5,federated,fedavg,logistic,federated_isotonic,calib_f1_optimal,0.8004572690003154,0.015204744103301469,0.7832514813223546,0.8176630566782763,3,0.3693092494532335,0.015568324664026047,0.35169203163944396,0.38692646726702307,3,0.6021596642618002,0.05197216773968295,0.5433476199934465,0.660971708530154,3,0.8325585300875566,0.026069685737654943,0.8030579035340415,0.8620591566410718,3,0.7173590971746785,0.01297216347430099,0.7026797123099139,0.7320384820394431,3,0.45665508645357966,0.0028198143450332393,0.453464166134087,0.4598460067730723,3,0.3980892264830625,0.005573456193430087,0.39178226707321934,0.40439618589290566,3,0.098911660894684,0.0004267723073657331,0.09842872256586505,0.09939459922350297,3,0.3185669462176092,0.0015909656722652868,0.31676659907766774,0.3203672933575507,3,0.0049647825342177,0.0009412732223591307,0.00389963161153004,0.006029933456905359,3,0.8214308207381419,0.002172492314303573,0.8189724142540898,0.8238892272221939,3,0.22801035425207608,0.029674271314989484,0.19443075512991434,0.2615899533742378,3,0.2512666666666667,0.034917235476671596,0.21175409507511145,0.29077923825822194,3
cdc,audit,5,iid,0.5,federated,fedavg,logistic,federated_sigmoid,calib_f1_optimal,0.798841059602649,0.01341973002262159,0.7836552055102641,0.8140269136950338,3,0.36807354473506027,0.015469786785010459,0.35056783302838174,0.3855792564417388,3,0.6119677464987976,0.042934111696467464,0.5633832254458666,0.6605522675517286,3,0.8290929076877275,0.02252500771742108,0.8036034619201906,0.8545823534552643,3,0.7205303270932625,0.010245791953502148,0.7089361220381284,0.7321245321483966,3,0.4587576923577494,0.0016408641557151805,0.4569008797682181,0.4606145049472807,3,0.4009351767838804,0.005955299025357344,0.3941961215329066,0.4076742320348542,3,0.10165021478297297,0.0007657275000019336,0.10078371254559902,0.10251671702034691,3,0.3342746812300679,0.0021582518456004698,0.3318323893533565,0.33671697310677934,3,0.03911230848768934,0.0029478698455128647,0.03577647972795739,0.04244813724742129,3,0.8215063785341763,0.0021625923929839298,0.8190591748657123,0.8239535822026403,3,0.23235966572059288,0.025360614885477282,0.20366142837194118,0.2610579030692446,3,0.16169999999999998,0.02026499444855586,0.13876799999999997,0.184632,3
cdc,audit,5,iid,0.5,federated,fedavg,logistic,global_isotonic,calib_f1_optimal,0.8085120361610428,0.009284360345250374,0.7980057933896586,0.8190182789324271,3,0.37864821272410776,0.010271190556595321,0.3670252664439212,0.3902711590042943,3,0.5801857877116047,0.03650295694948311,0.5388788033504419,0.6214927720727674,3,0.8454744620270075,0.01664707928430928,0.8266365184432142,0.8643124056108008,3,0.712830124869306,0.010010510919826927,0.7015021653677019,0.72415808437091,3,0.45766183048368414,0.004164975549207237,0.4529487169648582,0.46237494400251006,3,0.3932246431741752,0.005163075731653336,0.38738207297368293,0.3990672133746675,3,0.0988514133117042,0.0004401933828243551,0.0983532876062887,0.09934953901711971,3,0.318323078755187,0.0015701931811722151,0.3165462379017612,0.32009991960861284,3,0.0033238179050167336,0.001449843789517075,0.0016831652087819767,0.004964470601251491,3,0.8211957951737713,0.002129656772333163,0.8187858616686267,0.8236057286789159,3,0.21383238725953954,0.019393230786816394,0.19188688070969856,0.23577789380938052,3,0.23713333333333333,0.022285720390719552,0.21191466666666667,0.26235200000000003,3
cdc,audit,5,iid,0.5,federated,fedavg,logistic,global_sigmoid,calib_f1_optimal,0.7988936192578576,0.013302765927197127,0.7838401224993513,0.8139471160163639,3,0.36813011969424975,0.015401100085875257,0.35070213430467273,0.38555810508382676,3,0.6119205922572736,0.04233786581564614,0.5640107869351416,0.6598303975794055,3,0.829161609453363,0.022281448877001734,0.8039477764595022,0.8543754424472239,3,0.7205411008553182,0.010096131239580242,0.7091162528409851,0.7319659488696513,3,0.4588084591097204,0.001935115310445048,0.45661866999273953,0.46099824822670127,3,0.4009351767838804,0.005955299025357344,0.3941961215329066,0.4076742320348542,3,0.10183811770009465,0.0007536754322253729,0.10098525366128788,0.10269098173890143,3,0.33421108092031715,0.0022842850128793886,0.3316261690888173,0.336795992751817,3,0.03670122406336376,0.0032482533239945577,0.03302547939859523,0.0403769687281323,3,0.8215063785341763,0.0021625923929839298,0.8190591748657123,0.8239535822026403,3,0.23229396615158202,0.025062814077337098,0.20393272214134978,0.26065521016181425,3,0.1618,0.02043819952931276,0.138672,0.184928,3
cdc,audit,5,iid,0.5,federated,fedavg,logistic,none,calib_f1_optimal,0.7978818458950908,0.014177869569300618,0.7818380761428434,0.8139256156473382,3,0.36707033318937277,0.016186471076124528,0.34875361686063283,0.3853870495181127,3,0.6144669212995709,0.04497365295283715,0.5635744420475987,0.6653594005515432,3,0.8275738353142342,0.02373944347063697,0.8007101261209932,0.8544375445074752,3,0.7210203783069026,0.010650885033997493,0.7089677672775896,0.7330729893362156,3,0.4585916912415542,0.0014837089310056268,0.4569127165301525,0.4602706659529559,3,0.4009351767838804,0.005955299025357344,0.3941961215329066,0.4076742320348542,3,0.09927026656382565,0.0005729850024040614,0.09862187299488162,0.09991866013276968,3,0.3207160163876877,0.0013140103313081088,0.31922907371943027,0.32220295905594515,3,0.013465911003018598,0.002102156543198382,0.011087096936673733,0.015844725069363463,3,0.8215063785341763,0.0021625923929839298,0.8190591748657123,0.8239535822026403,3,0.23401529485966568,0.0266915316068641,0.20381098346138515,0.2642196062579462,3,0.21443333333333334,0.024826262975593684,0.1863397720939477,0.24252689457271898,3
cdc,audit,5,iid,0.5,federated,fedprox,logistic,federated_isotonic,calib_f1_optimal,0.7921002838221382,0.017270402355153158,0.772556983782567,0.8116435838617093,3,0.36118757739730745,0.01740129044985079,0.34149616353538975,0.38087899125922514,3,0.6305465176592634,0.054820106469213016,0.5685117273343354,0.6925813079841914,3,0.8182532957763682,0.028940711833348606,0.7855037973520227,0.8510027942007137,3,0.7243999067178158,0.012939719413986807,0.7097572357634849,0.7390425776721468,3,0.45798387057283946,0.000980423479660029,0.45687441696343245,0.45909332418224646,3,0.3978665956074849,0.005380225288004269,0.3917782975515579,0.40395489366341186,3,0.09890245734595667,0.000434282597543902,0.09841102032374784,0.0993938943681655,3,0.31852645401032537,0.0016318181214443888,0.3166798779722239,0.3203730300484268,3,0.004907836495639467,0.0009320199857338449,0.0038531565959185154,0.005962516395360417,3,0.821414960296106,0.002167469744340209,0.8189622373850097,0.8238676832072022,3,0.24427756753915694,0.032546459761631695,0.20744778122224408,0.28110735385606983,3,0.23356666666666667,0.035767909267013814,0.19309146706109204,0.2740418662722413,3
cdc,audit,5,iid,0.5,federated,fedprox,logistic,federated_sigmoid,calib_f1_optimal,0.7991235677493954,0.01307206313814446,0.7843311357729192,0.8139159997258716,3,0.3684152077193059,0.015038130519602108,0.35139796106024795,0.3854324543783639,3,0.6116376668081293,0.04245351123312305,0.563596996376692,0.6596783372395665,3,0.8294745841634796,0.022033048068080447,0.8045418431464582,0.8544073251805011,3,0.7205561254858045,0.010273682497565382,0.7089303593089498,0.7321818916626592,3,0.4589632072269832,0.002054944235734335,0.45663781891594823,0.46128859553801815,3,0.4009004846991567,0.00593691842911038,0.39418222905087735,0.407618740347436,3,0.1016639181542906,0.0007604701129723693,0.10080336521039748,0.10252447109818372,3,0.33434264597270785,0.0021302126088941706,0.33193208347928255,0.33675320846613316,3,0.03920046628705247,0.0030590429987770638,0.03573883326139157,0.042662099312713364,3,0.821530615989257,0.002195944448241918,0.8190456709173539,0.8240155610611601,3,0.23198517817723116,0.024865679479126317,0.20384701296515237,0.26012334338931,3,0.16169999999999998,0.02026499444855586,0.13876799999999997,0.184632,3
cdc,audit,5,iid,0.5,federated,fedprox,logistic,global_isotonic,calib_f1_optimal,0.8089456533165142,0.008501156121664334,0.799325689556993,0.8185656170760355,3,0.3790781662850431,0.009474333503030702,0.36835694864824364,0.38979938392184255,3,0.5786296977413118,0.03382034220882919,0.5403583777317403,0.6169010177508832,3,0.8462301814489965,0.015298558736298571,0.8289182325199506,0.8635421303780425,3,0.7124299395951542,0.009348817945262952,0.7018507561828415,0.7230091230074669,3,0.4575713685422696,0.004073520173158557,0.4529617465239656,0.4621809905605736,3,0.39319456305411293,0.004989810737260079,0.38754806065228264,0.3988410654559432,3,0.09886471086331561,0.0004234606362470761,0.09838552004315183,0.09934390168347938,3,0.31833727515544585,0.00154914733203784,0.3165842499222796,0.3200903003886121,3,0.003476115495177933,0.001294487768731558,0.002011264686167841,0.004940966304188025,3,0.8211007998998374,0.0020245104751939586,0.8188098506308897,0.8233917491687851,3,0.2129651529485966,0.01785721899886513,0.19275780736448975,0.23317249853270347,3,0.25,0.0,0.25,0.25,3
cdc,audit,5,iid,0.5,federated,fedprox,logistic,global_sigmoid,calib_f1_optimal,0.7990447282665826,0.013107528352253782,0.7842121636223172,0.813877292910848,3,0.36825678077569507,0.015198349984886656,0.35105822872387066,0.3854553328275195,3,0.6114018956005093,0.04169984245066676,0.5642140816829567,0.6585897095180618,3,0.8294211494568744,0.021949151891358917,0.8045833459010727,0.8542589530126761,3,0.7204115225286918,0.009948418212994978,0.7091538275394559,0.7316692175179277,3,0.4587856258485778,0.001981360152818446,0.4565435057660988,0.4610277459310568,3,0.4009004846991567,0.00593691842911038,0.39418222905087735,0.407618740347436,3,0.10185179010334595,0.0007483596550181237,0.10100494143272623,0.10269863877396568,3,0.3342784883721344,0.002251935754799784,0.3317301831722409,0.33682679357202794,3,0.036869910107311166,0.003373948637532987,0.033051927805252346,0.040687892409369986,3,0.821530615989257,0.002195944448241918,0.8190456709173539,0.8240155610611601,3,0.2319983180910333,0.024686928437962413,0.20406242872395294,0.25993420745811363,3,0.1618,0.02043819952931276,0.138672,0.184928,3
cdc,audit,5,iid,0.5,federated,fedprox,logistic,none,calib_f1_optimal,0.7983680227057711,0.013721566933052522,0.7828406079952684,0.8138954374162738,3,0.36758621809837894,0.015735385302968165,0.34977995337505546,0.3853924828217024,3,0.6133352195029943,0.04387405074293664,0.5636870572895217,0.6629833817164669,3,0.8283219212067082,0.02302442452860031,0.8022673321156419,0.8543765102977745,3,0.7208285703548514,0.010474180963932787,0.7089759188046791,0.7326812219050236,3,0.45872754396527665,0.0017682855810545258,0.45672654045907374,0.46072854747147957,3,0.4009004846991567,0.00593691842911038,0.39418222905087735,0.407618740347436,3,0.09927747828057233,0.0005675810549577614,0.09863519985383341,0.09991975670731125,3,0.3206512322656995,0.001409544967475,0.31905618197954266,0.3222462825518564,3,0.013297605774056568,0.0019501395083602806,0.011090815176642668,0.015504396371470467,3,0.821530615989257,0.002195944448241918,0.8190456709173539,0.8240155610611601,3,0.23321376011773354,0.025919838896011575,0.20388270122836408,0.262544819007103,3,0.2144,0.024941531628991827,0.186176,0.242624,3
cdc,audit,5,non_iid,0.5,federated,fedavg,logistic,federated_isotonic,calib_f1_optimal,0.794629717229055,0.01087981887291271,0.7823180431732343,0.8069413912848756,3,0.3630169660607632,0.01125058770568418,0.3502857275735434,0.375748204547983,3,0.6239449238459,0.03625210605506224,0.5829218039943211,0.6649680436974788,3,0.8222608987717651,0.018507846118119772,0.8013172992924685,0.8432044982510617,3,0.7231029113088324,0.008876286389121784,0.7130584476899516,0.7331473749277132,3,0.45841710524106266,0.001369670059430928,0.4568671776611364,0.45996703282098894,3,0.3958945602791141,0.005950653690723857,0.38916076171913455,0.4026283588390937,3,0.10008257866987953,0.0011267064555344174,0.09880759029009459,0.10135756704966448,3,0.3217256262876363,0.0033109176655115777,0.3179789702449586,0.325472282330314,3,0.017224299612189135,0.011966521735791852,0.0036829055031601856,0.030765693721218082,3,0.8211463888844605,0.0021170549719479966,0.8187507156588913,0.8235420621100296,3,0.23990854619993687,0.020979294147255943,0.21616823999821683,0.2636488524016569,3,0.2222666666666667,0.0253468604235975,0.19358399395686196,0.25094933937647146,3
cdc,audit,5,non_iid,0.5,federated,fedavg,logistic,federated_sigmoid,calib_f1_optimal,0.7989527488699674,0.013515372271708478,0.7836586653842004,0.8142468323557344,3,0.36781538795965424,0.015500403836485493,0.35027502979767033,0.38535574612163814,3,0.6092328004904041,0.042681049002877995,0.560934646833434,0.6575309541473742,3,0.8296654224013557,0.0225922401727169,0.8040998959485387,0.8552309488541726,3,0.71944911144588,0.010093621004318421,0.708027104030155,0.7308711188616049,3,0.4577926558019454,0.0016577589230847886,0.45591672498337615,0.45966858662051463,3,0.3999580857282348,0.006882732534704663,0.3921695406641578,0.4077466307923118,3,0.10289934382147436,0.001855036761191191,0.10080017211355081,0.10499851552939791,3,0.3401514043155764,0.007578517472410973,0.33157550447417705,0.3487273041569757,3,0.05133319572623433,0.014238114388583573,0.035221252543231565,0.06744513890923709,3,0.8212858787050258,0.0021760925781848196,0.8188233981388645,0.8237483592711871,3,0.23148586145274885,0.025381831931131214,0.20276361475673854,0.26020810814875917,3,0.15813333333333332,0.02186557415969985,0.13339010688424,0.18287655978242665,3
cdc,audit,5,non_iid,0.5,federated,fedavg,logistic,global_isotonic,calib_f1_optimal,0.8013967728371701,0.011440902272573364,0.788450173143759,0.8143433725305813,3,0.37045162389298086,0.013509913269253783,0.3551637178500258,0.3857395299359359,3,0.6029141321261848,0.036021365531093946,0.5621521197577131,0.6436761444946566,3,0.8335279883359669,0.019111722266179566,0.8119010386656569,0.8551549380062768,3,0.7182210602310759,0.008485282682076715,0.7086190589594077,0.7278230615027441,3,0.4582492413209555,0.0012630300857350688,0.45681998823136777,0.45967849441054326,3,0.3937061512318165,0.005367256892613225,0.3876325282967667,0.39977977416686633,3,0.09889222821822785,0.00044836691336587714,0.09838485329229793,0.09939960314415777,3,0.31839707686632185,0.0015979329303418594,0.3165888455316614,0.3202053082009823,3,0.0037037886929168332,0.0010949071406445338,0.0024647846254348535,0.004942792760398813,3,0.8210337114448677,0.002170004672680523,0.8185781199923146,0.8234893028974208,3,0.2272810890360559,0.021461961670001195,0.20299459311493118,0.2515675849571806,3,0.24043333333333336,0.01656995272574226,0.2216826666666667,0.259184,3
cdc,audit,5,non_iid,0.5,federated,fedavg,logistic,global_sigmoid,calib_f1_optimal,0.8008514664143803,0.011598367157832513,0.7877266784289403,0.8139762543998204,3,0.3698796638696589,0.013672760692969481,0.35440747861902244,0.3853518491202954,3,0.6047531475456217,0.03653711343680227,0.5634075114804483,0.6460987836107951,3,0.8325966977351319,0.01937881035590443,0.8106675094390419,0.8545258860312219,3,0.7186749226403769,0.008608038041661274,0.7089340106025035,0.7284158346782503,3,0.4583242013613315,0.0012362054736535216,0.4569253031778759,0.45972309954478713,3,0.3999580857282348,0.006882732534704663,0.3921695406641578,0.4077466307923118,3,0.10236821730283542,0.001010179913041843,0.10122509111917509,0.10351134348649575,3,0.33690442749529775,0.003772302035284708,0.3326356658880468,0.3411731891025487,3,0.04073630152533167,0.006596765867138028,0.03327135820895244,0.0482012448417109,3,0.8212858787050258,0.0021760925781848196,0.8188233981388645,0.8237483592711871,3,0.2283388520971302,0.02176399051392188,0.2037105783646978,0.2529671258295626,3,0.1614,0.019745379206285208,0.13905599999999999,0.183744,3
cdc,audit,5,non_iid,0.5,federated,fedavg,logistic,none,calib_f1_optimal,0.8003061599915905,0.012891586440457044,0.7857179566242992,0.8148943633588818,3,0.36952275935986306,0.014709171275640908,0.3528777651285898,0.3861677535911363,3,0.6069693968972509,0.040732995472295294,0.5608756733316251,0.6530631204628767,3,0.8316043388981763,0.021565647692156083,0.807200511197559,0.8560081665987936,3,0.7192868678977136,0.009600344732810061,0.7084230551307434,0.7301506806646837,3,0.4585464228317795,0.001130973842601015,0.4572666054489341,0.45982624021462487,3,0.3999580857282348,0.006882732534704663,0.3921695406641578,0.4077466307923118,3,0.10146425329160884,0.0024285546022541835,0.09871608505103666,0.10421242153218102,3,0.32719554455121574,0.006971034737254253,0.31930707613833115,0.33508401296410034,3,0.030648530964877598,0.017028386929459644,0.011379097160803882,0.049917964768951315,3,0.8212858787050258,0.0021760925781848196,0.8188233981388645,0.8237483592711871,3,0.22950173446862185,0.02423305157803447,0.20207945511896785,0.25692401381827584,3,0.17366666666666666,0.05794586554132515,0.10809474697199518,0.23923858636133816,3
cdc,audit,5,non_iid,0.5,federated,fedprox,logistic,federated_isotonic,calib_f1_optimal,0.7975861978345421,0.00960856365243768,0.7867130844844714,0.8084593111846128,3,0.36589844135125077,0.010197671762794082,0.35435868941803184,0.3774381932844697,3,0.6144197670580468,0.030423476658290205,0.5799923622788844,0.6488471718372092,3,0.8272379600155725,0.016072412255556914,0.8090503133927185,0.8454256066384265,3,0.7208288635368096,0.0072155367657128515,0.712663715032507,0.7289940120411122,3,0.4582287465485688,0.0013175580370011228,0.45673778927339115,0.4597197038237465,3,0.39616604479202394,0.006060927629664937,0.3893074595229132,0.4030246300611347,3,0.1000781773498352,0.001125662350630945,0.09880437048597454,0.10135198421369587,3,0.32171402475767635,0.003299846923428824,0.31797989643900504,0.32544815307634767,3,0.017180986952786564,0.012079013996371237,0.003512295867380189,0.03084967803819294,3,0.8211633362054691,0.0020868762571305973,0.8188018134105823,0.8235248590003559,3,0.23429780300641226,0.018064290944831696,0.2138561334565644,0.2547394725562601,3,0.2198,0.02648905434325657,0.18982481319491068,0.2497751868050893,3
cdc,audit,5,non_iid,0.5,federated,fedprox,logistic,federated_sigmoid,calib_f1_optimal,0.7990644381372857,0.013476310905746709,0.7838145567482184,0.8143143195263529,3,0.3679885990557093,0.015441577372166112,0.35051480930474554,0.38546238880667305,3,0.6092328004904042,0.04272486550409464,0.5608850637946402,0.6575805371861682,3,0.8297951924031114,0.022557304459337714,0.8042691994316011,0.8553211853746217,3,0.7195139964467577,0.010124662363313205,0.7080568624265684,0.7309711304669471,3,0.45792769333965383,0.001564850974823798,0.45615689776180374,0.4596984889175039,3,0.3999882925619404,0.006849782882389142,0.3922370335395062,0.40773955158437464,3,0.10288182663751756,0.0018462433822125496,0.100792605574646,0.10497104770038912,3,0.3400786293048333,0.007548591547505578,0.33153659383540174,0.34862066477426484,3,0.05128877252393887,0.014223347377124185,0.03519353978749687,0.06738400526038087,3,0.821291281244022,0.002169092446573139,0.8188367220724866,0.8237458404155573,3,0.23137417218543044,0.025359420037630996,0.20267728693440112,0.26007105743645975,3,0.15819999999999998,0.02188424090527245,0.13343565013976744,0.18296434986023252,3
cdc,audit,5,non_iid,0.5,federated,fedprox,logistic,global_isotonic,calib_f1_optimal,0.7982957531798592,0.01432354876103147,0.782087131903312,0.8145043744564064,3,0.3672747973275527,0.015866318328086795,0.34932036793832505,0.38522922671678034,3,0.6118262837742255,0.04381760796212854,0.562241992579952,0.6614105749684991,3,0.8284822253265243,0.023721321626085617,0.80163902293087,0.8553254277221786,3,0.7201542545503749,0.010084803677204856,0.7087422248795677,0.731566284221182,3,0.45805821272416763,0.0013560121689231799,0.45652374050229333,0.45959268494604194,3,0.39344237583654534,0.004991917438825444,0.38779348947747194,0.39909126219561875,3,0.09888692768081743,0.0004492037023575717,0.09837860583900228,0.09939524952263258,3,0.3183847684423191,0.0015932506843357864,0.316581835567803,0.3201877013168352,3,0.0036224169423386336,0.0009250235196645707,0.0025756542892918866,0.004669179595385381,3,0.8210423514037939,0.002151296964548391,0.8186079297158798,0.823476773091708,3,0.23286555240197618,0.026514643278840865,0.20286140899034505,0.2628696958136073,3,0.24113333333333334,0.015357517160444051,0.22375466666666666,0.258512,3
cdc,audit,5,non_iid,0.5,federated,fedprox,logistic,global_sigmoid,calib_f1_optimal,0.8008646063281825,0.011672942470855771,0.7876554284317266,0.8140737842246383,3,0.36998011449893076,0.013750712093377445,0.35441971893475616,0.38554051006310536,3,0.605177535719338,0.03689683056197355,0.563424841407227,0.6469302300314489,3,0.8325432630285267,0.019522752854005437,0.8104511884619848,0.8546353375950685,3,0.7188603993739323,0.008718002585981443,0.7089950507399003,0.7287257480079643,3,0.4585127754610649,0.0012982364100938976,0.4570436826650195,0.4599818682571103,3,0.3999882925619404,0.006849782882389142,0.3922370335395062,0.40773955158437464,3,0.10235510235920424,0.0009999385026471725,0.10122356542239846,0.10348663929601001,3,0.3368264419017129,0.003703796520660521,0.33263520158198806,0.34101768222143775,3,0.040596690212644365,0.006584613899893543,0.03314549814172232,0.048047882283566413,3,0.821291281244022,0.002169092446573139,0.8188367220724866,0.8237458404155573,3,0.22844397140754755,0.021937576030121742,0.20361926717188455,0.25326867564321054,3,0.16143333333333332,0.019803114233204164,0.13902399999999998,0.18384266666666665,3
cdc,audit,5,non_iid,0.5,federated,fedprox,logistic,none,calib_f1_optimal,0.8001353411121622,0.012956468068433057,0.7854737172711312,0.8147969649531932,3,0.36932749711909585,0.0148735806868322,0.3524964561249177,0.386158538113274,3,0.6073937850709671,0.040562159689177577,0.5614933803926669,0.6532941897492672,3,0.8313371653651499,0.021612732998100414,0.8068800556249714,0.8557942751053284,3,0.7193654752180585,0.009493236867730334,0.7086228664103711,0.7301080840257459,3,0.4585142662504607,0.001075430083131055,0.4572973025483997,0.45973122995252175,3,0.3999882925619404,0.006849782882389142,0.3922370335395062,0.40773955158437464,3,0.10135975108458568,0.0023002796544303104,0.09875673961230004,0.10396276255687133,3,0.3268533025254714,0.006528706251044848,0.31946537591492996,0.33424122913601284,3,0.030057866106431103,0.016434536605988415,0.011460437204821726,0.04865529500804048,3,0.821291281244022,0.002169092446573139,0.8188367220724866,0.8237458404155573,3,0.22979081257226955,0.024249464391509944,0.20234996037575023,0.2572316647687889,3,0.17446666666666666,0.05717143809047779,0.10977109413053572,0.2391622392027976,3
cdc,audit,shared,shared,shared,centralized,not_applicable,gradient_boosting,isotonic,calib_f1_optimal,0.805594975296962,0.009733610108099066,0.7945803585614102,0.8166095920325138,3,0.37931450514144444,0.011743890748126855,0.36602504171130584,0.39260396857158303,3,0.6172018673079643,0.02978420315555672,0.5834978685974244,0.6509058660185043,3,0.836092854253021,0.01593356619725103,0.8180623267360791,0.8541233817699629,3,0.7266473607804927,0.007402268866253378,0.7182709050123038,0.7350238165486817,3,0.4694217040771578,0.004229240964045838,0.46463586739540086,0.4742075407589147,3,0.41646456287963757,0.0036755385450604077,0.4123052994695589,0.42062382628971623,3,0.09719349819433554,0.0005159138762459847,0.09660968668429014,0.09777730970438094,3,0.31404521850000316,0.0017950614135403818,0.31201391528697703,0.3160765217130293,3,0.0035166089012674665,0.0011187904249569882,0.0022505783533567085,0.004782639449178224,3,0.8280972218024717,0.00247494776619249,0.8252965547547504,0.830897888850193,3,0.22706428045832017,0.01777137880623562,0.2069540721965243,0.24717448872011602,3,0.23303333333333334,0.0286112448756312,0.20065666186897324,0.26541000479769344,3
cdc,audit,shared,shared,shared,centralized,not_applicable,gradient_boosting,none,calib_f1_optimal,0.8191619362976978,0.0025538547303432277,0.8162719776142695,0.8220518949811262,3,0.3963505928086774,0.0039943032258257655,0.3918306132050726,0.4008705724122822,3,0.5692460036780308,0.012199468474947208,0.5554410055183878,0.5830510018376738,3,0.8596193922183799,0.00458200661807296,0.8544343636198087,0.8648044208169511,3,0.7144326979482054,0.004196077706644237,0.709684389025001,0.7191810068714098,3,0.4672615236986,0.003773124129802952,0.4629918318038259,0.47153121559337413,3,0.4260269394477129,0.005068700998747879,0.42029116431101804,0.4317627145844078,3,0.09716823089047984,0.0004963750026602386,0.09660652969732625,0.09772993208363343,3,0.3142758921957607,0.00169660171234396,0.31235600662331514,0.31619577776820623,3,0.007416985999712001,0.0021901801552773083,0.004938563839354666,0.009895408160069336,3,0.8284053689989802,0.0026249986347581596,0.8254349034089161,0.8313758345890443,3,0.20013402712078207,0.0055099929740696895,0.1938988831042304,0.20636917113733375,3,0.2463666666666667,0.0032868424564212544,0.24264725428774925,0.25008607904558416,3
cdc,audit,shared,shared,shared,centralized,not_applicable,gradient_boosting,sigmoid,calib_f1_optimal,0.8114488068958267,0.01727809730960065,0.791896799195573,0.8310008145960803,3,0.38750923447364377,0.021538950582786067,0.36313561739625794,0.4118828515510296,3,0.5936719007874758,0.055126434389574076,0.5312904677882775,0.6560533337866741,3,0.8467034602789291,0.028913713932224114,0.8139845128557279,0.8794224077021302,3,0.7201876805332025,0.01330673127634536,0.7051296965597158,0.7352456645066892,3,0.46731962271565725,0.004025683912533024,0.4627641325221336,0.4718751129091809,3,0.4260269394477129,0.005068700998747879,0.42029116431101804,0.4317627145844078,3,0.09937930012565127,0.0006654680192840205,0.09862625217111266,0.10013234808018988,3,0.3263299231654399,0.0019539813729635494,0.32411878508896275,0.32854106124191707,3,0.029828643660517632,0.0019396221394841475,0.027633754586377263,0.032023532734658,3,0.8284053689989802,0.0026249986347581596,0.8254349034089161,0.8313758345890443,3,0.21465363187217487,0.032526908464842325,0.17784596993033214,0.2514612938140176,3,0.17916666666666667,0.02602082499332667,0.1497213312503774,0.20861200208295594,3
cdc,audit,shared,shared,shared,centralized,not_applicable,xgboost,isotonic,calib_f1_optimal,0.8157849784505414,0.008040475811750316,0.8066863235368611,0.8248836333642218,3,0.39235874925408415,0.010394863049248703,0.380595854373925,0.4041216441342433,3,0.5829207337199981,0.03733365417481528,0.5406737269561805,0.6251677404838156,3,0.8534820344882864,0.015364247034676112,0.8360957522520087,0.8708683167245641,3,0.7182013841041422,0.011012985441938175,0.7057390178895527,0.7306637503187318,3,0.46840074522847536,0.005394067415064827,0.4622967833312106,0.4745047071257401,3,0.41959409137826337,0.0040376639124612,0.4150250445386202,0.4241631382179065,3,0.0969991087858561,0.0005075442908132721,0.09642476835331977,0.09757344921839244,3,0.313168764752668,0.0016467149997218796,0.3113053313098667,0.31503219819546935,3,0.0041722169211014,0.0006767325082975977,0.0034064219972648226,0.004938011844937978,3,0.8294087559049937,0.002787414024410776,0.8262544999998142,0.8325630118101733,3,0.2073215599705666,0.018417124385460632,0.18648062179614333,0.22816249814498984,3,0.23729999999999998,0.02199704525612474,0.21240799999999999,0.262192,3
cdc,audit,shared,shared,shared,centralized,not_applicable,xgboost,none,calib_f1_optimal,0.8118430043098916,0.005496627923109649,0.8056229842722482,0.8180630243475351,3,0.38680599610298144,0.007703051097828067,0.378089173198153,0.3955228190078099,3,0.5972556231433016,0.014199221884201958,0.5811876909721323,0.6133235553144709,3,0.8465813238066885,0.008665303504232183,0.8367756097975632,0.8563870378158138,3,0.7219184734749952,0.0028364553126654524,0.7187087221279042,0.7251282248220862,3,0.4693872164785086,0.0016951902803749375,0.4674689280916925,0.47130550486532474,3,0.4289174362474604,0.004845652117667873,0.42343406468057215,0.4344008078143487,3,0.12258138580840001,0.04494331571539346,0.07172323637234879,0.17343953524445124,3,0.37739944698215583,0.11422754740502795,0.24813880870555513,0.5066600852587565,3,0.08015067307166511,0.1342082174348821,-0.07172022183677333,0.23202156798010354,3,0.8296591516550134,0.00278408679278775,0.8265086608668573,0.8328096424431695,3,0.21525806790707447,0.00942643669893009,0.204591050606447,0.22592508520770194,3,0.3833333333333333,0.23094010767585033,0.12199999999999994,0.6446666666666667,3
cdc,audit,shared,shared,shared,centralized,not_applicable,xgboost,sigmoid,calib_f1_optimal,0.8143133081046988,0.008004755789948312,0.8052550742008561,0.8233715420085416,3,0.39045474380911455,0.011456540882489017,0.37749044736264004,0.40341904025558906,3,0.5895223275333615,0.021398935624846516,0.5653071522963434,0.6137375027703796,3,0.8507034297448112,0.012719650155832778,0.836309790599534,0.8650970688900883,3,0.7201128786390864,0.004486080420453186,0.7150364007519107,0.725189356526262,3,0.4694537112395781,0.0025444112360506156,0.46657443887593475,0.4723329836032214,3,0.4289174362474604,0.004845652117667873,0.42343406468057215,0.4344008078143487,3,0.09817947519483133,0.0005242972334136237,0.09758617702309173,0.09877277336657093,3,0.3206683662832814,0.0041527457915672954,0.315969092038032,0.3253676405285308,3,0.0211208977343528,0.009720150362431568,0.010121512134858332,0.03212028333384727,3,0.8296591516550134,0.00278408679278775,0.8265086608668573,0.8328096424431695,3,0.21063281824871224,0.01390665587801604,0.19489595567990015,0.22636968081752434,3,0.21513333333333332,0.03019690933412447,0.1809623136171404,0.24930435304952622,3
